{"stats":{"minecraft:dropped":{"minecraft:glass_bottle":2,"minecraft:crossbow":21,"minecraft:cracked_stone_bricks":6,"minecraft:purpur_stairs":2,"minecraft:emerald":1,"minecraft:dirt":40,"minecraft:bone":2,"minecraft:stone_axe":12,"minecraft:sugar_cane":1,"minecraft:iron_nugget":6,"minecraft:cobbled_deepslate":2,"minecraft:rotten_flesh":39,"minecraft:golden_shovel":1,"mekanism:raw_tin":4,"automobility:automobile_wheel":1,"minecraft:wheat_seeds":4,"minecraft:oak_fence":4,"minecraft:cobblestone":1,"minecraft:granite":13,"minecraft:golden_hoe":1,"minecraft:chainmail_leggings":22,"minecraft:string":75,"automobility:automobile_engine":1,"minecraft:white_carpet":313,"minecraft:iron_boots":11,"minecraft:hay_block":34,"minecraft:diamond_pickaxe":1,"minecraft:stone_bricks":2,"minecraft:bow":14,"easy_villagers:trader":12,"minecraft:flint":1,"gravestone:obituary":2,"minecraft:gravel":12,"minecraft:purpur_block":1,"minecraft:arrow":78,"minecraft:bread":1,"minecraft:oak_slab":1,"minecraft:diorite":8,"minecraft:iron_axe":10,"minecraft:redstone":535,"minecraft:raw_copper":9,"minecraft:tuff":3,"minecraft:raw_iron":1,"minecraft:totem_of_undying":1,"minecraft:mossy_stone_bricks":7,"minecraft:golden_leggings":1,"minecraft:wooden_pickaxe":1},"minecraft:mined":{"minecraft:cherry_log":129,"minecraft:obsidian":625,"minecraft:granite":267,"minecraft:red_sand":33,"minecraft:stone_brick_wall":1,"minecraft:hopper":22,"minecraft:spawner":1,"minecraft:polished_blackstone_bricks":12,"minecraft:tall_seagrass":1,"minecraft:magma_block":4,"refinedstorage:crafting_grid":1,"minecraft:fire":8,"minecraft:sticky_piston":1,"minecraft:barrel":3,"easy_villagers:breeder":1,"mekanism:basic_logistical_transporter":1,"minecraft:dirt_path":14,"minecraft:oak_stairs":50,"mekanism:boiler_valve":2,"mekanism:pigment_extractor":2,"minecraft:tripwire":2,"minecraft:piston_head":1,"mekanism:basic_bin":2,"mekanism:osmium_ore":199,"minecraft:brown_mushroom":1,"mekanism:enrichment_chamber":3,"minecraft:torch":2,"minecraft:blast_furnace":1,"mekanismgenerators:bio_generator":5,"mekanism:tin_ore":23,"minecraft:glass":4,"minecraft:sugar_cane":86,"minecraft:bricks":2,"minecraft:amethyst_block":3,"minecraft:white_terracotta":1,"mekanism:advanced_logistical_transporter":2,"mekanism:advanced_fluid_tank":2,"minecraft:stone_brick_stairs":1,"minecraft:grass":53,"mekanism:advanced_bin":2,"mekanism:lead_ore":29,"mekanismgenerators:reactor_glass":36,"minecraft:smooth_basalt":4,"minecraft:red_mushroom_block":11,"minecraft:deepslate":1349,"minecraft:mossy_cobblestone":24,"mekanismgenerators:solar_generator":10,"minecraft:dark_oak_log":2,"minecraft:shulker_box":1,"minecraft:end_stone":26,"mekanismgenerators:heat_generator":3,"mekanism:basic_chemical_tank":3,"mekanism:resistive_heater":2,"minecraft:red_mushroom":30,"mekanism:basic_crushing_factory":2,"mekanism:elite_thermodynamic_conductor":5,"minecraft:redstone_ore":6,"minecraft:andesite":255,"mekanism:superheating_element":9,"mekanismgenerators:gas_burning_generator":1,"mekanism:boiler_casing":62,"mekanism:basic_pressurized_tube":27,"minecraft:bone_block":1,"minecraft:smithing_table":1,"minecraft:light_gray_carpet":3,"mekanism:crusher":2,"minecraft:glass_pane":3,"minecraft:soul_sand":3,"minecraft:observer":2,"minecraft:dandelion":1,"mekanism:pressure_disperser":9,"minecraft:tall_grass":4,"minecraft:copper_ore":35,"minecraft:deepslate_gold_ore":10,"minecraft:diorite":135,"mekanism:pressurized_reaction_chamber":3,"minecraft:cobblestone_wall":1,"minecraft:white_carpet":6,"minecraft:spruce_log":8,"minecraft:sunflower":3,"minecraft:gravel":126,"mekanism:deepslate_fluorite_ore":10,"minecraft:cobweb":13,"minecraft:brown_terracotta":18,"mekanism:deepslate_uranium_ore":4,"mekanism:electric_pump":12,"minecraft:stone_bricks":28,"minecraft:gold_ore":5,"mekanism:advanced_universal_cable":10,"mekanism:energized_smelter":4,"mekanism:electrolytic_separator":2,"minecraft:cobblestone_stairs":6,"minecraft:brewing_stand":4,"minecraft:grass_block":57,"minecraft:cracked_polished_blackstone_bricks":10,"mekanism:osmium_compressor":1,"minecraft:composter":2,"minecraft:smooth_stone":8,"refinedstorage:grid":1,"minecraft:glowstone":1,"minecraft:iron_ore":271,"minecraft:anvil":1,"minecraft:deepslate_redstone_ore":7,"minecraft:quartz_block":2,"minecraft:blackstone":2,"minecraft:orange_terracotta":377,"minecraft:purpur_stairs":2,"minecraft:calcite":8,"minecraft:chest":33,"minecraft:mushroom_stem":5,"minecraft:nether_quartz_ore":136,"minecraft:cobblestone":141,"minecraft:slime_block":6,"mekanism:elite_mechanical_pipe":14,"minecraft:oak_planks":35,"mekanism:elite_fluid_tank":1,"refinedstorage:disk_drive":2,"minecraft:iron_door":2,"minecraft:wall_torch":2,"minecraft:pink_petals":1,"minecraft:seagrass":1,"mekanismgenerators:advanced_solar_generator":8,"mekanism:fluorite_ore":2,"minecraft:birch_log":46,"minecraft:blue_ice":1,"minecraft:stripped_oak_wood":1,"minecraft:purpur_block":1,"mekanism:deepslate_tin_ore":3,"minecraft:oak_log":248,"minecraft:sand":1057,"minecraft:dirt":165,"refinedstorage:controller":2,"mekanism:basic_universal_cable":41,"minecraft:netherrack":836,"minecraft:oak_leaves":59,"minecraft:emerald_block":9,"minecraft:diamond_ore":29,"minecraft:crying_obsidian":2,"minecraft:tuff":339,"minecraft:deepslate_diamond_ore":163,"mekanism:basic_mechanical_pipe":15,"mekanism:deepslate_osmium_ore":85,"mekanism:elite_pressurized_tube":12,"minecraft:lever":1,"gravestone:gravestone":6,"minecraft:spruce_leaves":7,"minecraft:sandstone":21,"minecraft:hay_block":49,"easy_villagers:iron_farm":29,"minecraft:furnace":12,"minecraft:gold_block":30,"mekanism:basic_fluid_tank":25,"minecraft:bookshelf":73,"minecraft:deepslate_iron_ore":20,"easy_villagers:trader":35,"mekanism:chemical_injection_chamber":1,"minecraft:stripped_oak_log":5,"minecraft:packed_ice":45,"minecraft:stone":2118,"mekanism:deepslate_lead_ore":47,"mekanism:elite_universal_cable":6,"minecraft:snow_block":4,"minecraft:basalt":10,"minecraft:oak_fence":13,"minecraft:crafting_table":8,"minecraft:lily_pad":4,"mekanism:metallurgic_infuser":5,"minecraft:blue_bed":2,"minecraft:birch_planks":2,"minecraft:yellow_bed":7,"minecraft:coal_ore":1006,"minecraft:cherry_leaves":1,"minecraft:end_rod":1,"minecraft:cracked_stone_bricks":7,"minecraft:terracotta":54,"refinedstorage:crafter":1,"minecraft:mossy_stone_bricks":12},"minecraft:custom":{"minecraft:interact_with_crafting_table":264,"minecraft:open_barrel":2,"minecraft:leave_game":27,"minecraft:time_since_death":1183758,"minecraft:damage_blocked_by_shield":2610,"minecraft:play_time":2189141,"minecraft:deaths":13,"minecraft:jump":18438,"minecraft:interact_with_furnace":173,"minecraft:traded_with_villager":5363,"minecraft:sleep_in_bed":98,"minecraft:damage_dealt":53938,"minecraft:interact_with_smithing_table":1,"minecraft:interact_with_anvil":20,"minecraft:inspect_hopper":17,"minecraft:sneak_time":18151,"minecraft:total_world_time":2189572,"minecraft:time_since_rest":18653,"minecraft:swim_one_cm":20769,"minecraft:fly_one_cm":10983175,"minecraft:open_chest":1004,"minecraft:fall_one_cm":425976,"minecraft:animals_bred":1,"minecraft:open_shulker_box":14,"minecraft:sprint_one_cm":3804038,"minecraft:drop":212,"minecraft:talked_to_villager":90,"minecraft:interact_with_brewingstand":11,"minecraft:walk_on_water_one_cm":30171,"minecraft:crouch_one_cm":27405,"minecraft:mob_kills":325,"minecraft:climb_one_cm":3472,"minecraft:walk_one_cm":1945763,"minecraft:walk_under_water_one_cm":8706,"minecraft:damage_taken":17166,"minecraft:damage_absorbed":200,"minecraft:aviate_one_cm":3413759},"minecraft:used":{"mekanism:pressure_disperser":42,"minecraft:chest":67,"minecraft:ladder":8,"mekanism:advanced_logistical_transporter":2,"minecraft:stone":2,"mekanism:basic_logistical_transporter":1,"fluxnetworks:flux_plug":1,"easy_villagers:converter":2,"automobility:automobile_assembler":5,"mekanismgenerators:turbine_rotor":9,"mekanism:advanced_fluid_tank":2,"minecraft:lava_bucket":6,"minecraft:villager_spawn_egg":3,"minecraft:grass_block":15,"minecraft:quartz_block":184,"mekanism:basic_crushing_factory":2,"easy_villagers:iron_farm":29,"minecraft:stone_brick_stairs":5,"mekanism:elite_crushing_factory":1,"simpleplanes:plane":6,"minecraft:bow":89,"minecraft:oak_sapling":2,"minecraft:furnace":12,"mekanismgenerators:gas_burning_generator":1,"minecraft:egg":3,"mekanism:advanced_universal_cable":9,"minecraft:mossy_stone_bricks":3,"minecraft:diorite":9,"minecraft:wooden_pickaxe":3,"minecraft:composter":2,"minecraft:cookie":5,"minecraft:golden_apple":1,"minecraft:sand":2,"mekanismgenerators:turbine_vent":40,"mekanism:elite_universal_cable":63,"mekanismgenerators:reactor_glass":70,"mekanismtools:osmium_shield":62,"automobility:auto_mechanic_table":2,"refinedstorage:quartz_enriched_iron_block":124,"simpleplanes:plane_workbench":1,"minecraft:diamond_sword":300,"mekanismgenerators:solar_generator":10,"minecraft:white_stained_glass":118,"minecraft:oak_trapdoor":2,"minecraft:iron_bars":3,"minecraft:carved_pumpkin":1,"minecraft:wither_skeleton_spawn_egg":1,"minecraft:netherrack":62,"refinedstorage:grid":1,"minecraft:torch":3,"minecraft:brewing_stand":5,"minecraft:anvil":2,"minecraft:golden_shovel":60,"mekanism:chargepad":1,"mekanism:osmium_compressor":2,"minecraft:polished_diorite":130,"mekanismgenerators:heat_generator":3,"minecraft:iron_block":4,"minecraft:rooted_dirt":76,"minecraft:slime_block":19,"devices:mac_max_x":1,"easy_villagers:trader":49,"minecraft:barrel":4,"minecraft:glowstone":5,"cb_microblock:microblock":3,"minecraft:beef":8,"refinedstorage:crafter":1,"minecraft:cobbled_deepslate":180,"minecraft:observer":10,"mekanism:elite_fluid_tank":2,"mekanism:basic_bin":2,"minecraft:water_bucket":14,"mekanism:elite_mechanical_pipe":25,"minecraft:birch_planks":5,"mekanismgenerators:bio_generator":33,"minecraft:spruce_fence_gate":1,"minecraft:cracked_stone_bricks":2,"minecraft:crafting_table":9,"mekanismtools:refined_obsidian_sword":170,"mekanism:advanced_bin":2,"mekanismtools:osmium_pickaxe":2449,"mekanismgenerators:turbine_valve":2,"minecraft:diamond_pickaxe":2412,"minecraft:ender_eye":11,"mekanism:atomic_disassembler":781,"minecraft:diamond_shovel":642,"minecraft:iron_pickaxe":67,"refinedstorage:crafting_grid":2,"minecraft:cobblestone":753,"minecraft:potion":2,"minecraft:porkchop":4,"minecraft:cooked_porkchop":6,"mekanismgenerators:saturating_condenser":25,"mekanismtools:refined_obsidian_paxel":4691,"mekanism:resistive_heater":3,"easy_villagers:breeder":2,"minecraft:bone_block":1,"mekanism:basic_fluid_tank":26,"mekanismgenerators:rotational_complex":1,"mekanism:basic_mechanical_pipe":20,"mekanism:elite_pressurized_tube":26,"mekanismtools:osmium_sword":298,"minecraft:nether_bricks":966,"mekanism:basic_universal_cable":42,"minecraft:tuff":21,"mekanismtools:refined_obsidian_shield":13,"mekanism:chemical_injection_chamber":2,"minecraft:obsidian":134,"refinedstorage:controller":3,"minecraft:glass":555,"mekanismgenerators:electromagnetic_coil":25,"mekanism:boiler_valve":4,"minecraft:stone_bricks":94,"minecraft:bedrock":1,"minecraft:repeater":14,"refinedstorage:disk_drive":3,"minecraft:stone_pickaxe":54,"minecraft:polished_diorite_slab":39,"mekanism:elite_logistical_transporter":35,"minecraft:ender_pearl":29,"minecraft:sandstone":8,"minecraft:diamond_axe":308,"minecraft:blue_bed":1,"minecraft:stone_brick_wall":136,"minecraft:end_stone":24,"minecraft:shears":3,"mekanism:superheating_element":18,"minecraft:sticky_piston":10,"minecraft:lever":23,"mekanism:crusher":3,"easy_villagers:villager":92,"minecraft:firework_rocket":166,"minecraft:string":2,"minecraft:bread":293,"mekanism:metallurgic_infuser":6,"mekanism:basic_pressurized_tube":22,"minecraft:gravel":3,"mekanismgenerators:advanced_solar_generator":12,"minecraft:andesite":24,"mekanism:pigment_extractor":3,"minecraft:bone_meal":2,"minecraft:cobweb":3,"minecraft:experience_bottle":1,"minecraft:oak_fence":28,"mekanism:enrichment_chamber":4,"minecraft:flint_and_steel":14,"mekanism:configurator":79,"minecraft:redstone":27,"minecraft:spruce_planks":1,"minecraft:oak_door":5,"minecraft:dirt":198,"minecraft:white_carpet":24,"minecraft:hopper":44,"minecraft:shulker_box":1,"minecraft:granite":5,"minecraft:stone_brick_slab":51,"minecraft:wooden_axe":4,"minecraft:bookshelf":1,"minecraft:oak_stairs":3,"minecraft:golden_carrot":35,"minecraft:emerald_block":199,"mekanism:electrolytic_separator":3,"minecraft:cooked_beef":17,"mekanism:pressurized_reaction_chamber":4,"minecraft:turtle_egg":4,"minecraft:enchanted_golden_apple":2,"mekanism:electric_pump":14,"fluxnetworks:flux_point":1,"minecraft:glass_bottle":3,"fluxnetworks:flux_controller":1,"minecraft:red_mushroom":1,"mekanismgenerators:turbine_casing":166,"mekanism:basic_chemical_tank":3,"mekanism:boiler_casing":124,"mekanism:structural_glass":180,"mekanism:energized_smelter":5,"mekanism:elite_thermodynamic_conductor":7,"minecraft:bucket":139,"minecraft:yellow_bed":7},"minecraft:crafted":{"mekanismgenerators:solar_generator":16,"refinedstorage:4k_storage_disk":2,"mekanismtools:refined_obsidian_pickaxe":1,"mekanism:ingot_osmium":465,"mekanismtools:osmium_shield":1,"mekanism:configurator":1,"fluxnetworks:flux_plug":1,"minecraft:blaze_powder":28,"mekanism:electrolytic_separator":1,"minecraft:birch_slab":78,"minecraft:slime_block":16,"minecraft:lever":2,"minecraft:diamond_shovel":2,"mekanismgenerators:heat_generator":1,"minecraft:bookshelf":11,"minecraft:shulker_box":1,"minecraft:iron_bars":64,"minecraft:glass":447,"minecraft:repeater":3,"minecraft:diamond_helmet":3,"minecraft:diamond_leggings":3,"mekanism:pressure_disperser":9,"refinedstorage:crafting_grid":1,"refinedstorage:grid":1,"mekanismtools:osmium_boots":1,"refinedstorage:processor_binding":112,"easy_villagers:trader":24,"mekanism:elite_mechanical_pipe":16,"mekanism:energy_tablet":20,"mekanismtools:refined_obsidian_axe":1,"refinedstorage:raw_advanced_processor":5,"minecraft:glass_bottle":3,"mekanism:ingot_tin":5,"minecraft:emerald":4570,"minecraft:cooked_porkchop":8,"minecraft:diamond_axe":1,"mekanism:chemical_injection_chamber":1,"minecraft:smithing_table":1,"minecraft:copper_ingot":21,"minecraft:sticky_piston":6,"minecraft:fletching_table":1,"mekanism:advanced_thermodynamic_conductor":32,"minecraft:oak_wood":6,"mekanism:advanced_pressurized_tube":48,"minecraft:lectern":8,"minecraft:stone_slab":6,"minecraft:iron_pickaxe":2,"minecraft:iron_block":3,"minecraft:gold_ingot":281,"mekanism:osmium_compressor":1,"mekanism:advanced_fluid_tank":1,"refinedstorage:machine_casing":4,"mekanism:basic_logistical_transporter":24,"mekanism:advanced_universal_cable":16,"minecraft:golden_carrot":159,"fluxnetworks:flux_controller":1,"mekanism:boiler_valve":2,"minecraft:experience_bottle":1,"simpleplanes:plane_workbench":1,"mekanism:basic_chemical_tank":5,"minecraft:polished_blackstone_pressure_plate":5,"easy_villagers:iron_farm":16,"minecraft:bone_meal":75,"minecraft:white_carpet":3,"mekanism:basic_pressurized_tube":56,"mekanism:chargepad":1,"mekanismgenerators:bio_generator":2,"minecraft:ender_pearl":102,"minecraft:stone_pickaxe":1,"mekanism:electric_pump":4,"minecraft:diamond_boots":3,"simpleplanes:propeller":2,"minecraft:redstone_block":1,"mekanismtools:refined_obsidian_chestplate":1,"mekanism:basic_bin":1,"minecraft:chainmail_leggings":12,"minecraft:wheat":441,"minecraft:crossbow":20,"mekanismtools:refined_obsidian_paxel":1,"simpleplanes:furnace_engine":1,"mekanism:dynamic_tank":4,"mekanismtools:refined_obsidian_shovel":1,"refinedstorage:raw_improved_processor":7,"minecraft:glowstone":12,"minecraft:enchanted_book":22,"packedup:obsidianbackpack":1,"mekanism:advanced_bin":1,"refinedstorage:raw_basic_processor":30,"minecraft:fermented_spider_eye":1,"minecraft:wooden_axe":1,"mekanism:advanced_mechanical_pipe":40,"mekanism:basic_mechanical_pipe":64,"packedup:goldbackpack":1,"mekanismgenerators:reactor_glass":76,"minecraft:grindstone":1,"mekanismtools:refined_obsidian_sword":1,"minecraft:oak_planks":944,"minecraft:barrel":11,"mekanism:block_steel":1,"minecraft:cherry_slab":6,"mekanism:electrolytic_core":2,"mekanismgenerators:gas_burning_generator":1,"mekanism:atomic_disassembler":1,"refinedstorage:controller":1,"minecraft:stone":24,"fluxnetworks:flux_point":1,"packedup:ironbackpack":1,"minecraft:cake":6,"minecraft:hopper":32,"minecraft:bow":15,"minecraft:iron_boots":10,"refinedstorage:4k_storage_part":6,"minecraft:chest":66,"packedup:basicbackpack":1,"mekanism:basic_fluid_tank":2,"refinedstorage:disk_drive":1,"simpleplanes:plane":1,"mekanism:ingot_steel":38,"mekanismtools:refined_obsidian_helmet":1,"mekanism:elite_control_circuit":3,"minecraft:ender_eye":26,"minecraft:oak_fence":54,"fluxnetworks:flux_core":40,"mekanismtools:osmium_pickaxe":2,"mekanism:advanced_logistical_transporter":8,"minecraft:oak_slab":30,"minecraft:arrow":160,"packedup:diamondbackpack":1,"minecraft:crafting_table":2,"minecraft:spruce_planks":24,"minecraft:wooden_pickaxe":1,"minecraft:gold_block":1,"mekanism:purification_chamber":1,"minecraft:birch_planks":180,"minecraft:brewing_stand":2,"minecraft:apple":36,"minecraft:string":45272,"mekanism:steel_casing":24,"minecraft:iron_chestplate":1,"minecraft:book":15,"minecraft:paper":165,"minecraft:diamond_pickaxe":2,"minecraft:emerald_block":116,"minecraft:shield":2,"minecraft:light_weighted_pressure_plate":3,"minecraft:stick":128,"mekanism:crusher":2,"minecraft:iron_ingot":308,"mekanismtools:refined_obsidian_leggings":1,"mekanism:resistive_heater":1,"mekanism:boiler_casing":76,"mekanismtools:refined_obsidian_boots":1,"minecraft:redstone_torch":42,"mekanism:basic_crushing_factory":1,"mekanism:elite_pressurized_tube":48,"minecraft:shears":1,"minecraft:cherry_planks":468,"minecraft:cookie":162,"mekanism:basic_universal_cable":48,"minecraft:redstone":1590,"refinedstorage:16k_storage_disk":1,"refinedstorage:16k_storage_part":1,"simpleplanes:booster":1,"mekanism:pressurized_reaction_chamber":1,"minecraft:furnace":12,"mekanism:energized_smelter":1,"minecraft:piston":6,"refinedstorage:quartz_enriched_iron":148,"mekanism:jetpack_armored":1,"minecraft:glass_pane":384,"mekanism:jetpack":1,"minecraft:flint_and_steel":1,"refinedstorage:crafter":1,"refinedstorage:destruction_core":2,"mekanism:elite_thermodynamic_conductor":32,"mekanism:pigment_extractor":1,"minecraft:iron_axe":11,"minecraft:slime_ball":9,"mekanismgenerators:advanced_solar_generator":4,"mekanism:elite_fluid_tank":1,"mekanismtools:osmium_helmet":1,"minecraft:observer":1,"refinedstorage:1k_storage_part":31,"refinedstorage:1k_storage_disk":4,"minecraft:cooked_beef":20,"minecraft:sugar":1,"mekanismtools:osmium_sword":1,"minecraft:diamond_sword":1,"mekanism:metallurgic_infuser":1,"mekanism:superheating_element":9,"minecraft:bucket":28,"minecraft:stone_axe":12,"minecraft:air":0,"minecraft:bread":5414,"mekanism:basic_thermodynamic_conductor":32,"mekanism:upgrade_speed":56,"mekanism:enrichment_chamber":3,"mekanism:upgrade_energy":64,"mekanismtools:refined_obsidian_shield":1,"easy_villagers:breeder":1,"refinedstorage:construction_core":2,"mekanism:advanced_control_circuit":9,"minecraft:anvil":1,"fluxnetworks:flux_block":6,"minecraft:lapis_lazuli":12,"minecraft:diamond_chestplate":2,"minecraft:firework_rocket":360,"mekanismgenerators:solar_panel":53},"minecraft:killed_by":{"minecraft:zombie":5,"minecraft:creeper":1,"minecraft:enderman":1},"minecraft:broken":{"mekanismtools:osmium_helmet":1,"mekanismtools:osmium_pickaxe":1,"minecraft:diamond_leggings":1,"minecraft:golden_shovel":1},"minecraft:picked_up":{"minecraft:wooden_axe":1,"minecraft:iron_chestplate":1,"easy_villagers:breeder":1,"mekanism:dust_osmium":3,"minecraft:anvil":1,"minecraft:prismarine_shard":2,"mekanism:raw_uranium":4,"minecraft:lead":7,"minecraft:smithing_table":1,"minecraft:stone_slab":5,"minecraft:diamond_sword":1,"minecraft:oak_stairs":50,"minecraft:golden_shovel":1,"refinedstorage:controller":2,"minecraft:brewing_stand":5,"minecraft:golden_sword":1,"minecraft:amethyst_block":3,"refinedstorage:grid":1,"minecraft:string":88,"mekanismgenerators:heat_generator":4,"minecraft:diamond_leggings":1,"mekanism:basic_universal_cable":49,"minecraft:cobbled_deepslate":1725,"minecraft:netherite_upgrade_smithing_template":3,"mekanism:basic_logistical_transporter":1,"minecraft:golden_helmet":1,"minecraft:composter":2,"easy_villagers:iron_farm":29,"minecraft:cherry_log":117,"refinedstorage:disk_drive":2,"minecraft:golden_chestplate":1,"mekanism:raw_tin":41,"easy_villagers:villager":10,"automobility:automobile_frame":3,"minecraft:iron_block":2,"refinedstorage:1k_storage_disk":5,"minecraft:glowstone":16,"minecraft:end_rod":2,"minecraft:white_terracotta":1,"mekanism:basic_fluid_tank":26,"minecraft:blaze_rod":32,"minecraft:snowball":32,"minecraft:birch_log":45,"minecraft:magma_block":3,"minecraft:cooked_beef":32,"minecraft:iron_door":2,"minecraft:flint":29,"minecraft:diamond_helmet":1,"minecraft:glowstone_dust":3,"mekanism:pressure_disperser":9,"mekanism:advanced_bin":2,"mekanism:metallurgic_infuser":5,"simpleplanes:plane":6,"mekanism:pigment_extractor":2,"automobility:automobile_engine":1,"mekanism:resistive_heater":2,"minecraft:barrel":3,"mekanism:basic_mechanical_pipe":34,"minecraft:lever":4,"minecraft:granite":438,"minecraft:bread":17,"minecraft:cherry_slab":2,"minecraft:bricks":2,"minecraft:diamond_pickaxe":2,"minecraft:crafting_table":8,"mekanism:alloy_infused":1,"gravestone:obituary":3,"minecraft:purpur_block":1,"refinedstorage:4k_storage_disk":2,"minecraft:elytra":2,"minecraft:flint_and_steel":2,"minecraft:netherite_scrap":1,"mekanism:pressurized_reaction_chamber":3,"minecraft:white_carpet":17433,"refinedstorage:crafting_grid":1,"minecraft:glass_pane":109,"minecraft:cracked_stone_bricks":8,"minecraft:beef":37,"minecraft:iron_nugget":23,"minecraft:poppy":2424,"minecraft:chest":32,"minecraft:egg":10,"minecraft:sandstone":23,"minecraft:stone":5,"minecraft:oak_door":2,"minecraft:cake":6,"mekanism:elite_universal_cable":6,"minecraft:redstone":284,"minecraft:prismarine_crystals":1,"mekanism:crusher":2,"mekanism:elite_pressurized_tube":12,"minecraft:diamond_chestplate":3,"minecraft:cooked_cod":1,"mekanism:chemical_injection_chamber":1,"minecraft:diamond_boots":1,"mekanism:osmium_compressor":1,"minecraft:hay_block":83,"minecraft:gold_ingot":128,"minecraft:totem_of_undying":1,"minecraft:mutton":16,"minecraft:white_wool":8,"minecraft:bone_block":1,"minecraft:rail":1,"minecraft:stripped_oak_log":5,"mekanism:electric_pump":12,"mekanism:raw_lead":167,"minecraft:red_mushroom_block":4,"mekanismgenerators:gas_burning_generator":1,"minecraft:red_mushroom":34,"minecraft:purpur_stairs":2,"minecraft:oak_log":243,"minecraft:lily_pad":4,"mekanismgenerators:bio_generator":5,"minecraft:blue_bed":2,"minecraft:paper":51,"automobility:automobile_wheel":1,"minecraft:apple":38,"minecraft:stone_bricks":26,"mekanism:dust_refined_obsidian":1,"minecraft:stone_pickaxe":1,"minecraft:glass_bottle":2,"minecraft:smooth_basalt":8,"minecraft:gravel":195,"minecraft:spruce_sapling":1,"minecraft:spruce_log":8,"mekanism:boiler_casing":62,"minecraft:crying_obsidian":5,"minecraft:diamond_shovel":1,"minecraft:firework_rocket":4,"minecraft:slime_ball":48,"mekanismtools:osmium_boots":1,"mekanism:advanced_universal_cable":10,"mekanismgenerators:reactor_glass":36,"minecraft:hopper":34,"minecraft:ender_pearl":21,"minecraft:shulker_shell":4,"mekanism:electrolytic_separator":2,"minecraft:stone_brick_stairs":1,"minecraft:raw_copper":198,"minecraft:sticky_piston":2,"minecraft:red_sand":37,"minecraft:smooth_stone":9,"minecraft:bucket":13,"minecraft:calcite":16,"minecraft:iron_pickaxe":1,"minecraft:iron_boots":1,"minecraft:furnace":12,"minecraft:stick":9,"minecraft:brown_terracotta":18,"minecraft:oak_fence":15,"minecraft:torch":12,"minecraft:porkchop":20,"mekanism:advanced_fluid_tank":2,"minecraft:diorite":247,"mekanismgenerators:solar_generator":10,"minecraft:quartz_block":8,"minecraft:rotten_flesh":116,"mekanism:ingot_osmium":249,"minecraft:obsidian":615,"mekanism:elite_thermodynamic_conductor":5,"minecraft:cobblestone":3018,"mekanismgenerators:advanced_solar_generator":8,"minecraft:pink_petals":24,"minecraft:cherry_planks":11,"minecraft:magma_cream":6,"minecraft:andesite":342,"minecraft:tuff":450,"minecraft:lapis_lazuli":12,"minecraft:dirt":321,"mekanism:dust_obsidian":28,"mekanism:elite_fluid_tank":1,"minecraft:glass":183,"minecraft:bone":139,"minecraft:bow":1,"minecraft:wheat_seeds":12,"minecraft:raw_gold":30,"easy_villagers:trader":37,"minecraft:mossy_stone_bricks":11,"minecraft:oak_planks":41,"minecraft:cooked_porkchop":2,"minecraft:sand":1002,"mekanism:enriched_iron":2,"minecraft:shulker_box":1,"minecraft:mossy_cobblestone":23,"mekanism:basic_control_circuit":7,"mekanism:bio_fuel":34,"minecraft:diamond":314,"minecraft:slime_block":6,"minecraft:cracked_polished_blackstone_bricks":20,"minecraft:crossbow":4,"minecraft:emerald":6,"mekanism:superheating_element":9,"minecraft:oak_sapling":12,"minecraft:netherrack":1447,"minecraft:oak_leaves":14,"fluxnetworks:flux_dust":320,"minecraft:chicken":2,"minecraft:ladder":1,"minecraft:brown_mushroom":2,"minecraft:gold_block":29,"mekanism:ingot_uranium":3,"mekanism:energized_smelter":4,"minecraft:blackstone":4,"mekanism:boiler_valve":2,"minecraft:observer":2,"mekanism:basic_bin":2,"mekanism:dust_gold":24,"minecraft:sugar_cane":240,"minecraft:raw_iron":293,"mekanism:basic_pressurized_tube":27,"minecraft:end_stone":26,"minecraft:copper_ingot":33,"mekanism:basic_crushing_factory":2,"minecraft:polished_blackstone_bricks":16,"minecraft:cookie":162,"minecraft:arrow":35,"refinedstorage:16k_storage_disk":1,"minecraft:golden_hoe":1,"mekanism:ingot_lead":10,"mekanism:advanced_logistical_transporter":2,"mekanism:elite_mechanical_pipe":14,"minecraft:basalt":12,"minecraft:leather":29,"minecraft:birch_planks":2,"minecraft:gunpowder":8,"minecraft:yellow_bed":8,"minecraft:cobblestone_wall":1,"minecraft:cobblestone_stairs":6,"minecraft:orange_terracotta":313,"mekanism:enriched_refined_obsidian":3,"minecraft:cooked_mutton":1,"mekanism:enrichment_chamber":3,"refinedstorage:crafter":1,"minecraft:coast_armor_trim_smithing_template":2,"minecraft:iron_ingot":4956,"minecraft:stripped_oak_wood":1,"minecraft:soul_sand":4,"minecraft:book":221,"mekanism:ingot_steel":9,"minecraft:oak_slab":1,"minecraft:emerald_block":9,"minecraft:quartz":218,"minecraft:dandelion":1,"mekanism:basic_chemical_tank":3,"minecraft:lava_bucket":2,"mekanism:ingot_tin":5,"minecraft:blast_furnace":1,"mekanism:raw_osmium":520,"minecraft:spider_eye":3,"minecraft:chainmail_leggings":10,"mekanism:fluorite_gem":74,"minecraft:cherry_sapling":1,"minecraft:terracotta":42,"minecraft:coal":2104,"minecraft:sunflower":3},"minecraft:killed":{"minecraft:shulker":3,"minecraft:skeleton":22,"minecraft:guardian":5,"minecraft:chicken":1,"minecraft:iron_golem":2,"minecraft:ender_dragon":1,"minecraft:donkey":1,"minecraft:zombie":63,"minecraft:cow":29,"minecraft:endermite":1,"mekanismadditions:baby_skeleton":7,"minecraft:husk":4,"minecraft:enderman":24,"minecraft:witch":1,"minecraft:spider":13,"minecraft:silverfish":11,"minecraft:piglin_brute":1,"minecraft:piglin":3,"minecraft:pig":8,"mekanismadditions:baby_enderman":6,"minecraft:zombie_villager":3,"minecraft:creeper":3,"minecraft:sheep":6,"minecraft:mooshroom":2,"minecraft:blaze":28,"mekanismadditions:baby_stray":1,"minecraft:slime":48,"minecraft:drowned":6,"minecraft:bat":3}},"DataVersion":3465}