{"stats":{"minecraft:used":{"mekanism:ultimate_tier_installer":5,"mekanism:pressure_disperser":42,"minecraft:dispenser":2,"minecraft:chest":118,"minecraft:ladder":8,"mekanism:advanced_logistical_transporter":2,"minecraft:stone":134,"mekanism:advanced_smelting_factory":1,"mekanism:basic_logistical_transporter":1,"fluxnetworks:flux_plug":5,"mekanism:ultimate_pressurized_tube":23,"easy_villagers:converter":2,"automobility:automobile_assembler":5,"minecraft:stripped_spruce_log":100,"mekanismgenerators:turbine_rotor":9,"minecraft:spruce_boat":1,"mekanism:advanced_fluid_tank":2,"mekanism:advanced_mechanical_pipe":29,"minecraft:lava_bucket":10,"minecraft:villager_spawn_egg":3,"minecraft:grass_block":15,"minecraft:quartz_block":332,"mekanism:basic_crushing_factory":2,"easy_villagers:iron_farm":75,"minecraft:stone_brick_stairs":5,"mekanism:combiner":1,"mekanism:elite_crushing_factory":1,"simpleplanes:plane":31,"minecraft:bow":89,"minecraft:furnace":12,"minecraft:oak_sapling":2,"watersources:iron_upgrade":1,"mekanismgenerators:gas_burning_generator":1,"minecraft:egg":4,"mekanism:advanced_universal_cable":11,"cfm:spruce_kitchen_sink_light":2,"minecraft:mossy_stone_bricks":3,"minecraft:diorite":9,"minecraft:blackstone":1,"minecraft:wooden_pickaxe":3,"minecraft:composter":3,"minecraft:oak_leaves":50,"minecraft:cookie":5,"mekanism:chemical_dissolution_chamber":1,"minecraft:golden_apple":1,"minecraft:sand":31,"mekanismgenerators:turbine_vent":40,"mekanism:elite_universal_cable":89,"mekanismgenerators:reactor_glass":218,"mekanismtools:osmium_shield":62,"automobility:auto_mechanic_table":2,"refinedstorage:quartz_enriched_iron_block":130,"refinedstorage:blue_crafting_grid":1,"mekanism:rotary_condensentrator":1,"simpleplanes:plane_workbench":1,"minecraft:diamond_sword":300,"mekanism:ultimate_energy_cube":1,"mekanismgenerators:solar_generator":10,"minecraft:white_stained_glass":118,"minecraft:oak_boat":1,"minecraft:oak_trapdoor":6,"minecraft:iron_bars":3,"minecraft:carved_pumpkin":1,"minecraft:wither_skeleton_spawn_egg":1,"minecraft:torch":3,"minecraft:netherrack":196,"refinedstorage:grid":1,"watersources:diamond_upgrade":1,"minecraft:brewing_stand":5,"mekanism:elite_chemical_tank":4,"minecraft:anvil":3,"mekanismgenerators:control_rod_assembly":15,"cfm:trampoline":1,"mekanismgenerators:fission_reactor_casing":95,"minecraft:golden_shovel":60,"mekanism:chargepad":7,"mekanism:osmium_compressor":2,"mekanism:ultimate_fluid_tank":2,"minecraft:polished_diorite":130,"mekanism:chemical_oxidizer":4,"minecraft:iron_block":4,"mekanismgenerators:heat_generator":3,"minecraft:rooted_dirt":76,"mekanism:purification_chamber":1,"minecraft:slime_block":47,"mekanism:radioactive_waste_barrel":3,"easy_villagers:trader":53,"devices:mac_max_x":1,"minecraft:barrel":5,"minecraft:glowstone":11,"cb_microblock:microblock":3,"minecraft:beef":8,"refinedstorage:crafter":1,"minecraft:cobbled_deepslate":183,"mekanism:basic_bin":2,"minecraft:observer":26,"mekanism:elite_fluid_tank":25,"minecraft:water_bucket":64,"mekanism:elite_mechanical_pipe":28,"minecraft:birch_planks":5,"mekanism:isotopic_centrifuge":1,"mekanismgenerators:bio_generator":41,"minecraft:spruce_fence_gate":1,"fluxnetworks:basic_flux_storage":1,"minecraft:cracked_stone_bricks":2,"minecraft:comparator":1,"minecraft:vine":16,"minecraft:tnt":1,"minecraft:crafting_table":9,"mekanismtools:refined_obsidian_sword":605,"minecraft:white_bed":1,"minecraft:spruce_log":34,"mekanism:advanced_bin":3,"mekanismtools:osmium_pickaxe":2449,"mekanismgenerators:turbine_valve":2,"minecraft:diamond_pickaxe":2428,"minecraft:ender_eye":20,"mekanism:atomic_disassembler":1662,"minecraft:diamond_shovel":642,"minecraft:iron_pickaxe":67,"minecraft:suspicious_stew":1,"refinedstorage:crafting_grid":4,"minecraft:spruce_sapling":536,"minecraft:cobblestone":1088,"minecraft:potion":4,"minecraft:cooked_porkchop":6,"minecraft:porkchop":4,"mekanismgenerators:saturating_condenser":25,"minecraft:end_portal_frame":9,"mekanism:resistive_heater":3,"mekanismtools:refined_obsidian_paxel":25474,"easy_villagers:breeder":2,"minecraft:bone_block":1,"minecraft:oak_sign":10,"mekanism:basic_fluid_tank":26,"mekanism:ultimate_infusing_factory":1,"minecraft:spruce_leaves":60,"mekanismgenerators:rotational_complex":1,"mekanism:elite_pressurized_tube":41,"mekanism:basic_mechanical_pipe":20,"mekanismtools:osmium_sword":298,"minecraft:nether_bricks":984,"mekanismtools:refined_obsidian_shield":19,"mekanism:basic_universal_cable":42,"minecraft:tuff":21,"mekanism:chemical_injection_chamber":2,"minecraft:obsidian":159,"refinedstorage:controller":4,"minecraft:glass":1330,"mekanism:alloy_reinforced":1,"mekanismgenerators:electromagnetic_coil":25,"minecraft:hopper_minecart":1,"mekanism:basic_tier_installer":10,"mekanism:boiler_valve":4,"minecraft:stone_bricks":150,"minecraft:bedrock":1,"minecraft:repeater":39,"refinedstorage:disk_drive":4,"mekanism:ultimate_mechanical_pipe":51,"minecraft:dropper":24,"minecraft:stone_pickaxe":54,"minecraft:polished_diorite_slab":39,"mekanism:elite_logistical_transporter":217,"minecraft:ender_pearl":30,"minecraft:sandstone":8,"minecraft:diamond_axe":308,"minecraft:blue_bed":1,"watersources:water_source_tier_1":1,"minecraft:stone_brick_wall":138,"minecraft:note_block":1,"minecraft:end_stone":24,"minecraft:shears":223,"mekanism:superheating_element":18,"minecraft:redstone_torch":22,"minecraft:sticky_piston":107,"mekanism:crusher":5,"minecraft:lever":34,"easy_villagers:villager":134,"mekanism:elite_tier_installer":7,"minecraft:firework_rocket":186,"minecraft:bread":296,"minecraft:string":2,"mekanism:metallurgic_infuser":8,"mekanism:basic_pressurized_tube":22,"minecraft:gravel":3,"mekanismgenerators:advanced_solar_generator":12,"minecraft:andesite":24,"minecraft:air":1,"mekanismgenerators:fission_fuel_assembly":55,"mekanism:pigment_extractor":3,"minecraft:bone_meal":7,"minecraft:cobweb":3,"minecraft:experience_bottle":1,"mekanism:advanced_tier_installer":10,"minecraft:oak_fence":34,"minecraft:jungle_leaves":4,"mekanism:enrichment_chamber":5,"minecraft:flint_and_steel":18,"mekanism:configurator":231,"minecraft:redstone":131,"minecraft:spruce_planks":1,"minecraft:ender_chest":4,"watersources:gold_upgrade":1,"minecraft:oak_door":7,"minecraft:dirt":539,"minecraft:white_carpet":27,"minecraft:hopper":142,"minecraft:shulker_box":1,"mekanismgenerators:fission_reactor_port":1,"minecraft:granite":5,"minecraft:stone_brick_slab":51,"minecraft:wooden_axe":4,"minecraft:bookshelf":1,"minecraft:oak_stairs":10,"mekanism:alloy_atomic":33,"minecraft:golden_carrot":154,"minecraft:emerald_block":257,"mekanism:electrolytic_separator":7,"minecraft:cooked_beef":17,"mekanism:pressurized_reaction_chamber":5,"watersources:water_source_tier_4":1,"minecraft:enchanted_golden_apple":2,"minecraft:turtle_egg":4,"minecraft:cobblestone_stairs":24,"mekanism:electric_pump":21,"fluxnetworks:flux_point":12,"minecraft:glass_bottle":17,"mekanism:ultimate_universal_cable":23,"minecraft:spruce_sign":3,"minecraft:cobblestone_slab":30,"fluxnetworks:flux_controller":2,"mekanism:chemical_infuser":3,"minecraft:red_mushroom":5,"mekanismgenerators:turbine_casing":166,"minecraft:infested_stone_bricks":6,"minecraft:piston":9,"mekanism:basic_chemical_tank":11,"mekanism:boiler_casing":124,"mekanism:elite_bin":2,"mekanism:structural_glass":180,"minecraft:detector_rail":4,"mekanism:energized_smelter":6,"mekanism:chemical_crystallizer":1,"mekanism:elite_energy_cube":3,"mekanism:elite_thermodynamic_conductor":7,"minecraft:white_banner":1,"minecraft:bucket":189,"minecraft:yellow_bed":9,"mekanism:advanced_infusing_factory":1},"minecraft:dropped":{"minecraft:glass_bottle":2,"minecraft:crossbow":21,"minecraft:cracked_stone_bricks":6,"minecraft:purpur_stairs":2,"minecraft:emerald":129,"minecraft:dirt":46,"minecraft:sand":1,"minecraft:bone":4,"minecraft:stone_axe":12,"mekanism:elite_chemical_tank":1,"minecraft:sugar_cane":1,"minecraft:iron_nugget":6,"minecraft:cobbled_deepslate":2,"minecraft:rotten_flesh":39,"minecraft:golden_shovel":1,"mekanism:raw_tin":4,"automobility:automobile_wheel":1,"minecraft:wheat_seeds":4,"minecraft:oak_fence":4,"minecraft:cobblestone":1,"minecraft:granite":13,"minecraft:coal":2,"minecraft:golden_hoe":1,"minecraft:chainmail_leggings":22,"minecraft:string":75,"automobility:automobile_engine":1,"minecraft:soul_soil":15,"minecraft:white_carpet":313,"minecraft:iron_boots":11,"minecraft:nether_bricks":26,"minecraft:hay_block":34,"minecraft:diamond_pickaxe":1,"minecraft:stone_bricks":2,"minecraft:bow":14,"easy_villagers:trader":12,"minecraft:soul_sand":3,"minecraft:flint":1,"gravestone:obituary":2,"minecraft:gravel":12,"minecraft:purpur_block":1,"packedup:obsidianbackpack":1,"minecraft:basalt":7,"minecraft:arrow":79,"minecraft:netherrack":119,"minecraft:bread":1,"minecraft:oak_slab":1,"minecraft:diorite":8,"minecraft:iron_axe":10,"minecraft:redstone":984,"minecraft:blaze_rod":5,"minecraft:raw_copper":9,"minecraft:tuff":3,"minecraft:raw_iron":1,"minecraft:totem_of_undying":1,"minecraft:mossy_stone_bricks":7,"minecraft:golden_leggings":1,"minecraft:spruce_log":64,"minecraft:wooden_pickaxe":1},"minecraft:custom":{"minecraft:interact_with_crafting_table":264,"minecraft:open_barrel":3,"minecraft:leave_game":36,"minecraft:time_since_death":2862335,"minecraft:damage_blocked_by_shield":3420,"minecraft:play_time":3867731,"minecraft:deaths":13,"minecraft:jump":26240,"minecraft:interact_with_furnace":173,"minecraft:traded_with_villager":17165,"minecraft:sleep_in_bed":178,"minecraft:damage_dealt":121676,"minecraft:inspect_dispenser":13,"minecraft:interact_with_smithing_table":1,"minecraft:inspect_dropper":5,"minecraft:interact_with_anvil":42,"minecraft:inspect_hopper":70,"minecraft:sneak_time":38356,"minecraft:total_world_time":3868162,"minecraft:tune_noteblock":10,"minecraft:time_since_rest":6515,"minecraft:swim_one_cm":21285,"minecraft:fly_one_cm":14984394,"minecraft:open_chest":1184,"minecraft:fall_one_cm":1100069,"minecraft:animals_bred":1,"minecraft:open_shulker_box":14,"minecraft:sprint_one_cm":6261244,"minecraft:drop":240,"minecraft:talked_to_villager":173,"minecraft:interact_with_brewingstand":29,"minecraft:walk_on_water_one_cm":49052,"minecraft:open_enderchest":4,"minecraft:crouch_one_cm":71794,"minecraft:mob_kills":853,"minecraft:climb_one_cm":5669,"minecraft:walk_one_cm":3330965,"minecraft:raid_win":1,"minecraft:walk_under_water_one_cm":10297,"minecraft:boat_one_cm":9506,"minecraft:raid_trigger":2,"minecraft:damage_taken":24122,"minecraft:damage_absorbed":200,"minecraft:aviate_one_cm":3978897},"minecraft:killed_by":{"minecraft:zombie":5,"minecraft:creeper":1,"minecraft:enderman":1},"minecraft:mined":{"minecraft:white_bed":1,"minecraft:jungle_leaves":4,"minecraft:cherry_log":129,"minecraft:obsidian":707,"minecraft:granite":708,"minecraft:red_sand":66,"minecraft:stone_brick_wall":2,"minecraft:hopper":45,"minecraft:nether_wart":9,"minecraft:spawner":1,"minecraft:polished_blackstone_bricks":12,"minecraft:tall_seagrass":1,"minecraft:magma_block":4,"refinedstorage:crafting_grid":3,"minecraft:sticky_piston":9,"minecraft:fire":21,"minecraft:barrel":4,"easy_villagers:breeder":1,"minecraft:deepslate_lapis_ore":5,"mekanism:basic_logistical_transporter":1,"minecraft:dirt_path":14,"minecraft:oak_stairs":57,"mekanism:boiler_valve":2,"mekanism:pigment_extractor":2,"minecraft:tripwire":2,"minecraft:piston_head":2,"mekanism:basic_bin":2,"mekanism:osmium_ore":804,"minecraft:brown_mushroom":23,"minecraft:crimson_nylium":12,"mekanism:enrichment_chamber":3,"minecraft:soul_fire":1,"minecraft:torch":2,"mekanism:ultimate_pressurized_tube":18,"minecraft:blast_furnace":1,"mekanismgenerators:bio_generator":7,"mekanism:tin_ore":37,"minecraft:glass":114,"minecraft:sugar_cane":86,"minecraft:bricks":2,"minecraft:spruce_sign":1,"minecraft:amethyst_block":8,"minecraft:white_terracotta":1,"minecraft:repeater":6,"mekanism:advanced_logistical_transporter":2,"mekanism:chargepad":5,"mekanism:advanced_fluid_tank":2,"minecraft:stone_brick_stairs":9,"minecraft:grass":187,"mekanism:advanced_bin":2,"mekanism:lead_ore":445,"mekanismgenerators:reactor_glass":59,"mekanism:elite_chemical_tank":4,"minecraft:smooth_basalt":10,"minecraft:red_mushroom_block":158,"minecraft:piston":3,"minecraft:deepslate":7822,"fluxnetworks:flux_controller":1,"minecraft:mossy_cobblestone":24,"minecraft:dark_oak_log":2,"mekanismgenerators:solar_generator":10,"minecraft:end_stone":166,"minecraft:shulker_box":1,"minecraft:nether_bricks":549,"mekanismgenerators:heat_generator":3,"mekanism:radioactive_waste_barrel":2,"mekanism:basic_chemical_tank":10,"minecraft:redstone_wire":4,"mekanism:resistive_heater":2,"minecraft:red_mushroom":30,"mekanism:basic_crushing_factory":2,"mekanism:elite_thermodynamic_conductor":5,"minecraft:redstone_ore":7,"minecraft:snow":1,"mekanism:ultimate_mechanical_pipe":18,"minecraft:andesite":475,"mekanism:superheating_element":9,"minecraft:vine":22,"minecraft:rail":1,"minecraft:cobblestone_slab":4,"mekanismgenerators:gas_burning_generator":1,"mekanism:boiler_casing":62,"mekanism:basic_pressurized_tube":27,"minecraft:bone_block":180,"minecraft:ender_chest":3,"minecraft:smithing_table":1,"minecraft:light_gray_carpet":3,"mekanism:crusher":3,"minecraft:glass_pane":3,"minecraft:soul_sand":8,"watersources:water_source_tier_4":2,"minecraft:observer":13,"minecraft:dandelion":12,"minecraft:cornflower":1,"mekanism:elite_energy_cube":1,"mekanism:pressure_disperser":9,"minecraft:dropper":21,"minecraft:copper_ore":37,"minecraft:tall_grass":38,"minecraft:deepslate_gold_ore":27,"minecraft:diorite":475,"mekanism:uranium_ore":1,"mekanism:pressurized_reaction_chamber":3,"minecraft:cobblestone_wall":1,"minecraft:white_carpet":7,"minecraft:spruce_log":233,"cfm:trampoline":1,"mekanism:deepslate_fluorite_ore":30,"minecraft:sunflower":3,"minecraft:gravel":421,"minecraft:brown_terracotta":18,"minecraft:cobweb":14,"mekanism:deepslate_uranium_ore":155,"mekanism:electric_pump":14,"minecraft:stone_bricks":127,"minecraft:gold_ore":33,"mekanism:advanced_universal_cable":11,"mekanism:energized_smelter":5,"mekanism:electrolytic_separator":4,"minecraft:cobblestone_stairs":23,"mekanism:advanced_mechanical_pipe":10,"minecraft:brewing_stand":4,"mekanism:elite_logistical_transporter":67,"minecraft:grass_block":193,"mekanismgenerators:control_rod_assembly":2,"minecraft:cracked_polished_blackstone_bricks":10,"minecraft:soul_soil":18,"mekanism:osmium_compressor":1,"minecraft:composter":3,"mekanismgenerators:fission_reactor_port":1,"minecraft:smooth_stone":8,"refinedstorage:grid":1,"minecraft:glowstone":1,"minecraft:iron_ore":280,"minecraft:anvil":2,"minecraft:iron_bars":31,"mekanismgenerators:fission_reactor_casing":2,"minecraft:deepslate_redstone_ore":17,"minecraft:quartz_block":19,"minecraft:blackstone":5,"fluxnetworks:flux_point":8,"minecraft:orange_terracotta":436,"minecraft:purpur_stairs":2,"minecraft:calcite":18,"minecraft:poppy":1,"minecraft:chest":54,"minecraft:mushroom_stem":24,"minecraft:nether_quartz_ore":754,"minecraft:cobblestone":245,"minecraft:slime_block":9,"mekanism:elite_mechanical_pipe":15,"minecraft:oak_planks":35,"mekanism:elite_fluid_tank":24,"refinedstorage:disk_drive":3,"minecraft:iron_door":3,"minecraft:wall_torch":2,"minecraft:deepslate_copper_ore":2,"minecraft:pink_petals":1,"minecraft:seagrass":1,"mekanismgenerators:advanced_solar_generator":8,"minecraft:nether_wart_block":5,"mekanism:fluorite_ore":2,"minecraft:birch_log":46,"minecraft:blue_ice":1,"minecraft:stripped_oak_wood":1,"minecraft:purpur_block":1,"mekanism:deepslate_tin_ore":5,"minecraft:oak_log":248,"mekanism:chemical_oxidizer":2,"minecraft:sand":1079,"minecraft:dirt":464,"minecraft:infested_cracked_stone_bricks":1,"refinedstorage:controller":3,"mekanism:basic_universal_cable":41,"minecraft:netherrack":3113,"minecraft:oak_leaves":81,"minecraft:emerald_block":22,"minecraft:nether_gold_ore":22,"minecraft:diamond_ore":53,"minecraft:crying_obsidian":2,"minecraft:tuff":1444,"minecraft:oak_door":1,"minecraft:deepslate_diamond_ore":914,"mekanism:basic_mechanical_pipe":15,"mekanism:deepslate_osmium_ore":553,"mekanism:elite_pressurized_tube":17,"minecraft:lever":3,"gravestone:gravestone":6,"minecraft:spruce_leaves":229,"minecraft:sandstone":23,"mekanism:ultimate_universal_cable":1,"minecraft:hay_block":49,"minecraft:oak_trapdoor":2,"minecraft:furnace":12,"easy_villagers:iron_farm":30,"minecraft:stripped_spruce_log":119,"minecraft:detector_rail":2,"minecraft:gold_block":30,"mekanism:basic_fluid_tank":25,"cfm:spruce_kitchen_sink_light":2,"minecraft:nether_brick_fence":39,"minecraft:bookshelf":73,"minecraft:deepslate_iron_ore":21,"easy_villagers:trader":36,"mekanism:chemical_injection_chamber":1,"minecraft:stripped_oak_log":5,"minecraft:packed_ice":45,"minecraft:stone":5142,"minecraft:redstone_wall_torch":3,"mekanism:deepslate_lead_ore":224,"mekanism:elite_universal_cable":15,"minecraft:infested_stone_bricks":15,"minecraft:snow_block":5,"mekanism:ultimate_fluid_tank":2,"minecraft:basalt":24,"minecraft:oak_fence":17,"minecraft:crafting_table":8,"minecraft:lily_pad":4,"mekanism:metallurgic_infuser":6,"minecraft:blue_bed":2,"minecraft:birch_planks":2,"fluxnetworks:flux_plug":3,"minecraft:redstone_torch":3,"minecraft:yellow_bed":9,"minecraft:coal_ore":1185,"minecraft:cherry_leaves":1,"minecraft:end_rod":1,"mekanismgenerators:fission_fuel_assembly":3,"minecraft:cracked_stone_bricks":44,"minecraft:terracotta":861,"refinedstorage:crafter":1,"minecraft:mossy_stone_bricks":59},"minecraft:picked_up":{"mekanism:ultimate_energy_cube":1,"minecraft:iron_chestplate":1,"packedup:obsidianbackpack":1,"easy_villagers:breeder":1,"mekanism:dust_osmium":3,"minecraft:anvil":2,"minecraft:prismarine_shard":2,"mekanism:raw_uranium":35,"minecraft:lead":8,"minecraft:smithing_table":1,"minecraft:stone_slab":5,"minecraft:diamond_sword":1,"minecraft:oak_stairs":57,"minecraft:golden_shovel":1,"refinedstorage:controller":3,"minecraft:brewing_stand":5,"minecraft:golden_sword":1,"minecraft:amethyst_block":7,"refinedstorage:grid":1,"minecraft:string":111,"mekanismgenerators:heat_generator":4,"minecraft:soul_soil":15,"minecraft:diamond_leggings":1,"minecraft:gold_nugget":171,"mekanism:basic_universal_cable":49,"minecraft:cobbled_deepslate":7464,"minecraft:netherite_upgrade_smithing_template":3,"mekanism:basic_logistical_transporter":1,"minecraft:golden_helmet":1,"minecraft:composter":3,"easy_villagers:iron_farm":30,"minecraft:cherry_log":117,"refinedstorage:disk_drive":3,"minecraft:golden_chestplate":1,"mekanism:raw_tin":73,"easy_villagers:villager":10,"automobility:automobile_frame":3,"minecraft:stone_sword":18,"minecraft:iron_block":2,"refinedstorage:1k_storage_disk":9,"minecraft:glowstone":16,"minecraft:end_rod":2,"minecraft:white_terracotta":1,"mekanism:basic_fluid_tank":26,"minecraft:blaze_rod":146,"minecraft:iron_bars":29,"minecraft:snowball":33,"minecraft:birch_log":45,"minecraft:magma_block":3,"minecraft:cooked_beef":32,"minecraft:iron_door":3,"minecraft:flint":306,"minecraft:diamond_helmet":1,"minecraft:glowstone_dust":7,"mekanism:pressure_disperser":9,"mekanism:advanced_bin":2,"mekanism:chemical_oxidizer":2,"watersources:water_source_tier_4":2,"mekanism:metallurgic_infuser":6,"simpleplanes:plane":30,"mekanism:ultimate_fluid_tank":2,"mekanism:pigment_extractor":2,"minecraft:dropper":21,"automobility:automobile_engine":1,"minecraft:stripped_spruce_log":116,"refinedstorage:quartz_enriched_iron_block":3,"mekanism:resistive_heater":2,"minecraft:barrel":4,"mekanism:basic_mechanical_pipe":34,"minecraft:deepslate":441,"minecraft:lever":9,"minecraft:granite":876,"mekanism:advanced_mechanical_pipe":10,"minecraft:bread":80,"mekanismgenerators:solar_panel":2,"minecraft:cherry_slab":2,"minecraft:dark_oak_fence":1,"minecraft:bricks":2,"minecraft:crimson_roots":1,"minecraft:diamond_pickaxe":2,"minecraft:spruce_leaves":166,"minecraft:crafting_table":8,"minecraft:nether_wart":12,"mekanism:alloy_infused":3,"gravestone:obituary":3,"minecraft:purpur_block":1,"refinedstorage:4k_storage_disk":4,"minecraft:cornflower":2,"minecraft:elytra":2,"minecraft:flint_and_steel":2,"minecraft:netherite_scrap":1,"mekanism:pressurized_reaction_chamber":3,"minecraft:white_carpet":21692,"refinedstorage:crafting_grid":3,"minecraft:glass_pane":109,"minecraft:cracked_stone_bricks":45,"minecraft:deepslate_diamond_ore":2,"minecraft:beef":40,"mekanism:elite_chemical_tank":5,"minecraft:iron_nugget":23,"minecraft:poppy":2526,"minecraft:minecart":11,"minecraft:chest":52,"minecraft:piston":3,"minecraft:egg":13,"minecraft:sandstone":25,"minecraft:stone":58,"minecraft:oak_door":3,"minecraft:cake":6,"mekanism:elite_universal_cable":15,"minecraft:redstone":502,"minecraft:prismarine_crystals":1,"mekanism:crusher":3,"mekanism:elite_pressurized_tube":17,"minecraft:diamond_chestplate":3,"minecraft:cooked_cod":1,"minecraft:hay_block":83,"minecraft:diamond_boots":1,"mekanism:osmium_compressor":1,"mekanism:chemical_injection_chamber":1,"minecraft:gold_ingot":128,"minecraft:totem_of_undying":2,"mekanism:elite_logistical_transporter":67,"minecraft:mutton":16,"minecraft:white_wool":9,"minecraft:bone_block":206,"minecraft:rail":3,"minecraft:oxeye_daisy":1,"minecraft:stripped_oak_log":5,"mekanism:electric_pump":14,"mekanism:raw_lead":1409,"minecraft:red_mushroom_block":4,"mekanismgenerators:gas_burning_generator":1,"minecraft:red_mushroom":75,"minecraft:purpur_stairs":2,"minecraft:oak_log":243,"minecraft:lily_pad":4,"mekanismgenerators:bio_generator":7,"minecraft:blue_bed":2,"minecraft:paper":51,"minecraft:white_banner":8,"automobility:automobile_wheel":1,"minecraft:apple":38,"minecraft:stone_bricks":125,"mekanism:dust_refined_obsidian":1,"minecraft:stone_pickaxe":1,"minecraft:glass_bottle":2,"minecraft:smooth_basalt":14,"mekanism:radioactive_waste_barrel":2,"minecraft:gravel":211,"minecraft:spruce_sapling":600,"minecraft:spruce_log":924,"mekanism:boiler_casing":62,"minecraft:crying_obsidian":5,"minecraft:dragon_egg":1,"minecraft:firework_rocket":4,"minecraft:diamond_shovel":1,"minecraft:coal_ore":2,"minecraft:slime_ball":48,"mekanismtools:osmium_boots":1,"mekanism:advanced_universal_cable":11,"mekanismgenerators:reactor_glass":58,"cfm:trampoline":1,"minecraft:hopper":57,"minecraft:ender_pearl":32,"minecraft:shulker_shell":4,"mekanism:electrolytic_separator":4,"minecraft:nether_brick_fence":37,"minecraft:potion":1,"minecraft:stone_brick_stairs":9,"minecraft:raw_copper":220,"minecraft:sticky_piston":11,"minecraft:red_sand":132,"minecraft:smooth_stone":9,"minecraft:bucket":13,"minecraft:cobblestone_slab":4,"minecraft:redstone_torch":9,"mekanismgenerators:fission_reactor_casing":2,"mekanism:ultimate_mechanical_pipe":18,"minecraft:calcite":26,"minecraft:iron_pickaxe":1,"mekanism:deepslate_uranium_ore":135,"minecraft:iron_boots":1,"minecraft:furnace":12,"minecraft:stick":392,"mekanismgenerators:fission_reactor_port":1,"minecraft:brown_terracotta":18,"minecraft:oak_fence":19,"minecraft:torch":12,"minecraft:porkchop":20,"mekanism:advanced_fluid_tank":2,"minecraft:diorite":587,"mekanism:energy_tablet":1,"minecraft:vine":20,"mekanismgenerators:solar_generator":10,"fluxnetworks:flux_plug":3,"minecraft:quartz_block":25,"mekanism:ultimate_universal_cable":1,"minecraft:rotten_flesh":181,"mekanism:ingot_osmium":251,"minecraft:obsidian":714,"mekanism:elite_thermodynamic_conductor":5,"minecraft:cod":1,"minecraft:cobblestone":6063,"mekanismgenerators:advanced_solar_generator":8,"minecraft:pink_petals":24,"minecraft:magma_cream":6,"minecraft:repeater":10,"minecraft:cherry_planks":11,"minecraft:andesite":561,"minecraft:tuff":1540,"minecraft:wither_skeleton_skull":13,"minecraft:lapis_lazuli":35,"minecraft:dirt":1224,"mekanism:dust_obsidian":28,"mekanism:elite_fluid_tank":24,"minecraft:glass":183,"minecraft:bone":709,"minecraft:bow":2,"minecraft:wheat_seeds":50,"minecraft:raw_gold":125,"easy_villagers:trader":38,"mekanism:osmium_ore":18,"minecraft:mossy_stone_bricks":58,"mekanismgenerators:control_rod_assembly":2,"minecraft:oak_planks":42,"minecraft:cooked_porkchop":2,"mekanism:enriched_iron":2,"minecraft:sand":1704,"minecraft:shulker_box":1,"minecraft:mossy_cobblestone":23,"mekanism:basic_control_circuit":7,"minecraft:jungle_leaves":4,"mekanism:bio_fuel":34,"minecraft:diamond":1891,"minecraft:slime_block":10,"cfm:spruce_kitchen_sink_light":2,"minecraft:cracked_polished_blackstone_bricks":20,"mekanism:chargepad":5,"minecraft:crossbow":8,"minecraft:spruce_sign":1,"minecraft:emerald":199,"mekanism:superheating_element":9,"minecraft:oak_sapling":13,"minecraft:netherrack":3189,"minecraft:oak_leaves":30,"fluxnetworks:flux_dust":640,"minecraft:chicken":2,"minecraft:ladder":1,"minecraft:brown_mushroom":25,"minecraft:gold_block":29,"minecraft:oak_trapdoor":2,"mekanism:ingot_uranium":3,"mekanism:energized_smelter":5,"minecraft:blackstone":6,"minecraft:detector_rail":2,"mekanism:boiler_valve":2,"minecraft:observer":13,"mekanism:basic_bin":2,"mekanism:dust_gold":24,"minecraft:sugar_cane":240,"minecraft:raw_iron":313,"mekanism:basic_pressurized_tube":27,"minecraft:end_stone":165,"mekanism:basic_crushing_factory":2,"minecraft:copper_ingot":33,"minecraft:polished_blackstone_bricks":16,"minecraft:cookie":162,"minecraft:dark_oak_planks":2,"minecraft:arrow":91,"refinedstorage:16k_storage_disk":2,"minecraft:pumpkin_pie":1,"minecraft:golden_hoe":1,"minecraft:nether_bricks":511,"minecraft:saddle":2,"mekanism:ingot_lead":10,"mekanism:elite_mechanical_pipe":15,"mekanism:advanced_logistical_transporter":2,"minecraft:basalt":19,"minecraft:leather":32,"minecraft:birch_planks":2,"minecraft:cobblestone_wall":1,"minecraft:yellow_bed":10,"minecraft:nether_wart_block":5,"minecraft:gunpowder":38,"minecraft:cobblestone_stairs":23,"mekanism:enrichment_chamber":3,"minecraft:orange_terracotta":374,"minecraft:cooked_mutton":4,"mekanism:enriched_refined_obsidian":3,"fluxnetworks:flux_point":8,"refinedstorage:crafter":1,"minecraft:coast_armor_trim_smithing_template":2,"mekanismgenerators:fission_fuel_assembly":3,"minecraft:iron_ingot":5497,"fluxnetworks:flux_controller":1,"minecraft:stripped_oak_wood":1,"minecraft:soul_sand":9,"minecraft:book":403,"mekanism:ingot_steel":9,"minecraft:oak_slab":1,"minecraft:emerald_block":27,"mekanism:ultimate_pressurized_tube":18,"minecraft:quartz":1551,"minecraft:dandelion":13,"mekanism:basic_chemical_tank":10,"minecraft:lava_bucket":2,"mekanism:ingot_tin":5,"minecraft:blast_furnace":1,"minecraft:white_bed":1,"mekanism:raw_osmium":2729,"minecraft:spider_eye":13,"mowziesmobs:naga_fang":1,"minecraft:chainmail_leggings":10,"mekanism:fluorite_gem":187,"mekanism:elite_energy_cube":2,"minecraft:cherry_sapling":1,"minecraft:terracotta":827,"minecraft:sunflower":3,"minecraft:coal":2857,"minecraft:wooden_axe":1},"minecraft:crafted":{"minecraft:ender_chest":4,"watersources:iron_upgrade":1,"minecraft:oak_sign":30,"mekanismgenerators:solar_generator":17,"refinedstorage:4k_storage_disk":2,"mekanism:configurator":1,"mekanismtools:refined_obsidian_pickaxe":2,"mekanismtools:osmium_shield":1,"mekanism:ingot_osmium":465,"fluxnetworks:flux_plug":18,"minecraft:blaze_powder":320,"mekanism:electrolytic_separator":4,"minecraft:birch_slab":78,"mekanism:advanced_energy_cube":1,"minecraft:slime_block":16,"minecraft:lever":4,"minecraft:diamond_shovel":2,"mekanismgenerators:heat_generator":1,"minecraft:bookshelf":12,"refinedstorage:64k_storage_part":1,"minecraft:shulker_box":1,"minecraft:iron_bars":64,"minecraft:quartz_block":280,"minecraft:glass":447,"mekanism:thermal_evaporation_controller":1,"minecraft:repeater":11,"minecraft:diamond_helmet":3,"minecraft:diamond_leggings":3,"mekanism:pressure_disperser":9,"refinedstorage:crafting_grid":1,"watersources:diamond_upgrade":1,"mekanism:chemical_dissolution_chamber":1,"refinedstorage:grid":1,"mekanism:elite_universal_cable":128,"minecraft:stone_pressure_plate":30,"mekanismtools:osmium_boots":1,"mekanism:rotary_condensentrator":1,"refinedstorage:processor_binding":152,"easy_villagers:trader":28,"mekanism:elite_mechanical_pipe":144,"mekanism:energy_tablet":33,"mekanismtools:refined_obsidian_axe":2,"refinedstorage:raw_advanced_processor":9,"mekanism:block_charcoal":147,"mekanism:ultimate_pressurized_tube":128,"mekanism:elite_chemical_tank":2,"minecraft:glass_bottle":102,"mekanism:ingot_tin":5,"minecraft:emerald":12721,"minecraft:cooked_porkchop":8,"minecraft:diamond_axe":1,"mekanism:chemical_injection_chamber":1,"minecraft:smithing_table":1,"minecraft:copper_ingot":21,"minecraft:sticky_piston":143,"minecraft:fletching_table":1,"mekanism:advanced_thermodynamic_conductor":32,"minecraft:oak_wood":6,"mekanism:advanced_pressurized_tube":176,"mekanism:elite_bin":2,"minecraft:lectern":11,"mekanism:advanced_smelting_factory":1,"minecraft:stone_slab":6,"minecraft:iron_pickaxe":2,"minecraft:iron_block":3,"minecraft:gold_ingot":304,"mekanism:upgrade_gas":63,"mekanism:osmium_compressor":1,"mekanism:advanced_fluid_tank":1,"refinedstorage:machine_casing":4,"mekanism:advanced_chemical_tank":2,"mekanism:thermal_evaporation_valve":3,"mekanism:basic_logistical_transporter":152,"mekanism:advanced_universal_cable":144,"minecraft:golden_carrot":318,"fluxnetworks:flux_controller":1,"mekanism:boiler_valve":2,"minecraft:experience_bottle":1,"simpleplanes:plane_workbench":1,"mekanism:basic_chemical_tank":80,"minecraft:polished_blackstone_pressure_plate":5,"mekanism:combiner":1,"easy_villagers:iron_farm":45,"minecraft:bone_meal":2286,"minecraft:white_carpet":3,"mekanism:basic_pressurized_tube":184,"mekanism:elite_infusing_factory":1,"mekanism:chargepad":1,"minecraft:detector_rail":6,"mekanismgenerators:bio_generator":8,"minecraft:spruce_slab":6,"minecraft:ender_pearl":166,"minecraft:stone_pickaxe":1,"mekanism:electric_pump":9,"minecraft:diamond_boots":3,"minecraft:spruce_boat":1,"simpleplanes:propeller":2,"minecraft:redstone_block":374,"mekanismtools:refined_obsidian_chestplate":1,"mekanism:basic_bin":2,"minecraft:chainmail_leggings":12,"minecraft:wheat":441,"minecraft:coal_block":113,"minecraft:crossbow":20,"mekanismtools:refined_obsidian_paxel":2,"mekanismgenerators:control_rod_assembly":15,"mekanism:dynamic_tank":4,"simpleplanes:furnace_engine":1,"mekanismtools:refined_obsidian_shovel":2,"mekanism:ultimate_control_circuit":32,"refinedstorage:raw_improved_processor":30,"minecraft:glowstone":12,"minecraft:enchanted_book":47,"packedup:obsidianbackpack":2,"minecraft:golden_apple":7,"mekanism:advanced_bin":2,"refinedstorage:raw_basic_processor":77,"minecraft:fermented_spider_eye":6,"minecraft:wooden_axe":1,"mekanism:basic_mechanical_pipe":256,"mekanism:advanced_mechanical_pipe":232,"minecraft:white_bed":1,"minecraft:note_block":1,"cfm:spruce_kitchen_sink_light":2,"mekanism:elite_logistical_transporter":136,"packedup:goldbackpack":2,"mekanismgenerators:reactor_glass":328,"mekanism:advanced_infusing_factory":2,"minecraft:grindstone":1,"mekanismtools:refined_obsidian_sword":1,"minecraft:oak_planks":944,"minecraft:cobblestone_slab":60,"minecraft:barrel":34,"mekanism:block_steel":1,"minecraft:cherry_slab":6,"mekanism:electrolytic_core":5,"mekanismgenerators:gas_burning_generator":1,"mekanism:ultimate_mechanical_pipe":128,"mekanism:atomic_disassembler":1,"refinedstorage:controller":1,"minecraft:cobblestone_stairs":8,"minecraft:stone":24,"refinedstorage:64k_storage_disk":1,"fluxnetworks:flux_point":17,"packedup:ironbackpack":2,"minecraft:suspicious_stew":1,"mekanism:basic_tier_installer":40,"minecraft:cake":6,"mekanism:elite_energy_cube":1,"minecraft:hopper":144,"minecraft:bow":18,"minecraft:iron_boots":10,"mekanism:isotopic_centrifuge":1,"refinedstorage:4k_storage_part":14,"mekanism:ultimate_universal_cable":128,"mekanism:ultimate_infusing_factory":1,"minecraft:comparator":1,"mekanismgenerators:fission_reactor_casing":220,"minecraft:chest":285,"packedup:basicbackpack":2,"mekanism:basic_fluid_tank":3,"refinedstorage:disk_drive":1,"simpleplanes:plane":1,"mekanism:ingot_steel":38,"mekanism:elite_control_circuit":71,"mekanismtools:refined_obsidian_helmet":1,"minecraft:ender_eye":162,"minecraft:oak_fence":54,"fluxnetworks:flux_core":264,"mekanismtools:osmium_pickaxe":2,"mekanism:advanced_logistical_transporter":136,"minecraft:dropper":3,"minecraft:oak_slab":30,"minecraft:arrow":160,"mekanismgenerators:fission_reactor_port":4,"mekanism:chemical_infuser":3,"minecraft:crafting_table":2,"packedup:diamondbackpack":2,"minecraft:spruce_planks":2396,"minecraft:wooden_pickaxe":1,"minecraft:gold_block":1,"mekanism:purification_chamber":2,"minecraft:hopper_minecart":2,"mekanism:thermal_evaporation_block":188,"minecraft:brewing_stand":2,"minecraft:birch_planks":180,"minecraft:dispenser":2,"minecraft:tnt":1,"minecraft:apple":36,"minecraft:charcoal":225,"mekanism:steel_casing":117,"minecraft:string":52284,"minecraft:book":15,"minecraft:iron_chestplate":1,"mekanism:radioactive_waste_barrel":1,"minecraft:paper":165,"minecraft:diamond_pickaxe":2,"minecraft:emerald_block":244,"minecraft:shield":2,"minecraft:light_weighted_pressure_plate":3,"minecraft:stick":196,"mekanism:crusher":3,"minecraft:iron_ingot":311,"mekanismtools:refined_obsidian_leggings":1,"mekanism:resistive_heater":1,"cfm:trampoline":1,"mekanism:boiler_casing":76,"mekanismtools:refined_obsidian_boots":1,"minecraft:redstone_torch":109,"mekanism:basic_crushing_factory":1,"mekanism:elite_pressurized_tube":152,"minecraft:shears":1,"minecraft:cherry_planks":468,"minecraft:cookie":1314,"minecraft:coal":9,"minecraft:redstone":6838,"mekanism:basic_universal_cable":240,"minecraft:stone_brick_wall":6,"minecraft:tripwire_hook":64,"refinedstorage:16k_storage_disk":1,"refinedstorage:16k_storage_part":4,"simpleplanes:booster":1,"mekanism:pressurized_reaction_chamber":2,"mekanism:personal_barrel":1,"watersources:gold_upgrade":1,"minecraft:furnace":12,"mekanism:energized_smelter":2,"minecraft:piston":194,"mekanism:advanced_tier_installer":31,"mekanism:basic_smelting_factory":1,"refinedstorage:quartz_enriched_iron":212,"mekanism:jetpack_armored":1,"mekanism:jetpack":1,"minecraft:glass_pane":608,"mekanism:chemical_oxidizer":2,"minecraft:oak_trapdoor":64,"minecraft:flint_and_steel":2,"refinedstorage:crafter":1,"refinedstorage:destruction_core":2,"mekanism:elite_thermodynamic_conductor":32,"mekanism:pigment_extractor":1,"minecraft:white_concrete_powder":24,"minecraft:iron_axe":11,"minecraft:slime_ball":9,"mekanismgenerators:advanced_solar_generator":4,"mekanism:personal_chest":1,"mekanism:elite_fluid_tank":1,"refinedstorage:quartz_enriched_iron_block":8,"mekanismtools:osmium_helmet":1,"minecraft:observer":6,"minecraft:minecart":18,"refinedstorage:1k_storage_disk":4,"refinedstorage:1k_storage_part":46,"minecraft:cooked_beef":20,"minecraft:sugar":8,"mekanismtools:osmium_sword":1,"minecraft:diamond_sword":1,"minecraft:spruce_sign":3,"mekanism:metallurgic_infuser":4,"mekanism:superheating_element":9,"mekanism:basic_infusing_factory":2,"minecraft:bucket":76,"mekanism:chemical_crystallizer":1,"mekanismgenerators:fission_fuel_assembly":58,"minecraft:stone_axe":12,"minecraft:air":0,"minecraft:bread":17876,"mekanism:basic_thermodynamic_conductor":32,"mekanism:upgrade_speed":380,"minecraft:white_wool":64,"mekanism:basic_energy_cube":1,"minecraft:white_dye":63,"mekanism:enrichment_chamber":6,"mekanism:upgrade_energy":233,"fluxnetworks:basic_flux_storage":1,"mekanismtools:refined_obsidian_shield":1,"easy_villagers:breeder":1,"refinedstorage:construction_core":2,"mekanism:advanced_control_circuit":153,"minecraft:anvil":1,"mekanism:ultimate_tier_installer":9,"minecraft:pumpkin_pie":4,"watersources:water_source_tier_1":1,"mekanism:elite_tier_installer":7,"fluxnetworks:flux_block":30,"minecraft:lapis_lazuli":12,"minecraft:diamond_chestplate":2,"minecraft:firework_rocket":360,"mekanismgenerators:solar_panel":53},"minecraft:killed":{"minecraft:cave_spider":1,"minecraft:shulker":3,"minecraft:skeleton":59,"minecraft:guardian":5,"minecraft:chicken":1,"minecraft:iron_golem":2,"minecraft:ender_dragon":1,"minecraft:pillager":32,"minecraft:donkey":1,"minecraft:zombie":116,"minecraft:cow":30,"mowziesmobs:naga":1,"minecraft:evoker":1,"minecraft:vindicator":12,"minecraft:endermite":1,"minecraft:horse":1,"mekanismadditions:baby_skeleton":11,"minecraft:husk":4,"minecraft:wandering_trader":1,"minecraft:ravager":2,"minecraft:enderman":43,"minecraft:witch":4,"minecraft:spider":27,"minecraft:silverfish":22,"minecraft:piglin_brute":1,"minecraft:piglin":3,"minecraft:pig":8,"mekanismadditions:baby_enderman":6,"minecraft:zombie_villager":4,"mekanismadditions:baby_creeper":5,"minecraft:creeper":38,"minecraft:sheep":7,"minecraft:mooshroom":2,"minecraft:blaze":137,"minecraft:vex":1,"mekanismadditions:baby_wither_skeleton":1,"mekanismadditions:baby_stray":1,"minecraft:slime":48,"minecraft:drowned":6,"minecraft:bat":3,"minecraft:hoglin":1,"minecraft:wither_skeleton":163},"minecraft:broken":{"mekanismtools:osmium_helmet":1,"mekanismtools:osmium_pickaxe":1,"minecraft:diamond_leggings":1,"minecraft:golden_shovel":1}},"DataVersion":3465}