{"stats":{"minecraft:mined":{"minecraft:cherry_log":129,"minecraft:obsidian":23,"minecraft:granite":256,"minecraft:red_sand":33,"minecraft:stone_brick_wall":1,"minecraft:hopper":2,"minecraft:spawner":1,"minecraft:polished_blackstone_bricks":12,"minecraft:tall_seagrass":1,"minecraft:magma_block":4,"minecraft:fire":8,"minecraft:barrel":2,"mekanism:basic_logistical_transporter":1,"minecraft:dirt_path":14,"minecraft:oak_stairs":50,"mekanism:pigment_extractor":1,"minecraft:tripwire":2,"mekanism:osmium_ore":199,"minecraft:brown_mushroom":1,"mekanism:enrichment_chamber":1,"minecraft:torch":2,"minecraft:blast_furnace":1,"mekanismgenerators:bio_generator":1,"mekanism:tin_ore":18,"minecraft:glass":2,"minecraft:sugar_cane":86,"minecraft:bricks":2,"minecraft:amethyst_block":3,"minecraft:white_terracotta":1,"minecraft:stone_brick_stairs":1,"minecraft:grass":32,"mekanism:lead_ore":29,"mekanismgenerators:reactor_glass":2,"minecraft:smooth_basalt":4,"minecraft:deepslate":1277,"minecraft:mossy_cobblestone":24,"mekanismgenerators:solar_generator":8,"minecraft:dark_oak_log":2,"minecraft:shulker_box":1,"minecraft:end_stone":26,"mekanismgenerators:heat_generator":3,"mekanism:basic_chemical_tank":3,"mekanism:basic_crushing_factory":1,"mekanism:elite_thermodynamic_conductor":1,"minecraft:redstone_ore":6,"minecraft:andesite":213,"mekanism:basic_pressurized_tube":22,"minecraft:bone_block":1,"minecraft:smithing_table":1,"minecraft:light_gray_carpet":3,"mekanism:crusher":1,"minecraft:glass_pane":3,"minecraft:soul_sand":3,"minecraft:dandelion":1,"minecraft:copper_ore":34,"minecraft:deepslate_gold_ore":10,"minecraft:diorite":134,"mekanism:pressurized_reaction_chamber":2,"minecraft:cobblestone_wall":1,"minecraft:spruce_log":8,"minecraft:white_carpet":5,"minecraft:gravel":112,"mekanism:deepslate_fluorite_ore":10,"minecraft:cobweb":13,"minecraft:brown_terracotta":18,"mekanism:deepslate_uranium_ore":4,"mekanism:electric_pump":4,"minecraft:stone_bricks":28,"minecraft:gold_ore":5,"mekanism:advanced_universal_cable":1,"mekanism:electrolytic_separator":1,"minecraft:cobblestone_stairs":6,"minecraft:brewing_stand":3,"minecraft:grass_block":45,"minecraft:cracked_polished_blackstone_bricks":10,"minecraft:composter":1,"minecraft:smooth_stone":8,"refinedstorage:grid":1,"minecraft:glowstone":1,"minecraft:iron_ore":271,"minecraft:deepslate_redstone_ore":7,"minecraft:blackstone":2,"minecraft:orange_terracotta":377,"minecraft:purpur_stairs":2,"minecraft:calcite":8,"minecraft:chest":14,"minecraft:nether_quartz_ore":136,"minecraft:cobblestone":125,"minecraft:slime_block":1,"mekanism:elite_mechanical_pipe":2,"minecraft:oak_planks":35,"refinedstorage:disk_drive":1,"minecraft:iron_door":2,"minecraft:wall_torch":2,"minecraft:pink_petals":1,"minecraft:seagrass":1,"mekanismgenerators:advanced_solar_generator":2,"minecraft:birch_log":46,"minecraft:blue_ice":1,"minecraft:stripped_oak_wood":1,"minecraft:purpur_block":1,"mekanism:deepslate_tin_ore":3,"minecraft:oak_log":240,"minecraft:sand":1057,"minecraft:dirt":135,"refinedstorage:controller":1,"mekanism:basic_universal_cable":11,"minecraft:netherrack":836,"minecraft:oak_leaves":37,"minecraft:diamond_ore":29,"minecraft:crying_obsidian":2,"minecraft:tuff":339,"minecraft:deepslate_diamond_ore":163,"mekanism:basic_mechanical_pipe":14,"mekanism:deepslate_osmium_ore":85,"mekanism:elite_pressurized_tube":4,"gravestone:gravestone":6,"minecraft:spruce_leaves":7,"minecraft:sandstone":21,"minecraft:hay_block":49,"easy_villagers:iron_farm":13,"minecraft:furnace":12,"minecraft:gold_block":30,"mekanism:basic_fluid_tank":17,"minecraft:bookshelf":73,"minecraft:deepslate_iron_ore":20,"easy_villagers:trader":19,"minecraft:packed_ice":45,"minecraft:stone":1852,"mekanism:deepslate_lead_ore":47,"minecraft:snow_block":4,"minecraft:basalt":10,"minecraft:oak_fence":13,"minecraft:crafting_table":8,"minecraft:lily_pad":4,"mekanism:metallurgic_infuser":4,"minecraft:blue_bed":2,"minecraft:birch_planks":2,"minecraft:yellow_bed":6,"minecraft:coal_ore":558,"minecraft:cherry_leaves":1,"minecraft:end_rod":1,"minecraft:cracked_stone_bricks":7,"minecraft:terracotta":54,"refinedstorage:crafter":1,"minecraft:mossy_stone_bricks":12},"minecraft:used":{"mekanism:pressure_disperser":9,"mekanism:advanced_logistical_transporter":2,"minecraft:chest":35,"mekanism:basic_logistical_transporter":1,"minecraft:lava_bucket":6,"mekanism:basic_crushing_factory":2,"easy_villagers:iron_farm":29,"minecraft:bow":89,"minecraft:furnace":12,"mekanismgenerators:gas_burning_generator":1,"minecraft:egg":3,"mekanism:advanced_universal_cable":9,"minecraft:mossy_stone_bricks":3,"minecraft:diorite":9,"minecraft:wooden_pickaxe":3,"minecraft:cookie":5,"minecraft:golden_apple":1,"minecraft:sand":2,"mekanismgenerators:reactor_glass":36,"mekanismtools:osmium_shield":62,"minecraft:diamond_sword":300,"mekanismgenerators:solar_generator":10,"minecraft:netherrack":62,"refinedstorage:grid":1,"minecraft:torch":3,"minecraft:brewing_stand":2,"minecraft:anvil":1,"minecraft:golden_shovel":60,"mekanism:chargepad":1,"mekanism:osmium_compressor":1,"mekanismgenerators:heat_generator":3,"minecraft:slime_block":3,"easy_villagers:trader":32,"minecraft:barrel":3,"minecraft:glowstone":1,"minecraft:beef":8,"refinedstorage:crafter":1,"minecraft:cobbled_deepslate":180,"minecraft:observer":1,"mekanism:basic_bin":1,"minecraft:water_bucket":12,"mekanism:elite_mechanical_pipe":9,"minecraft:birch_planks":5,"mekanismgenerators:bio_generator":3,"minecraft:cracked_stone_bricks":2,"minecraft:crafting_table":8,"mekanismtools:refined_obsidian_sword":141,"mekanismtools:osmium_pickaxe":2449,"minecraft:ender_eye":11,"minecraft:diamond_pickaxe":2392,"mekanism:atomic_disassembler":781,"minecraft:diamond_shovel":642,"minecraft:iron_pickaxe":67,"refinedstorage:crafting_grid":1,"minecraft:cobblestone":707,"minecraft:potion":2,"minecraft:porkchop":4,"minecraft:cooked_porkchop":6,"mekanismtools:refined_obsidian_paxel":2812,"mekanism:resistive_heater":1,"easy_villagers:breeder":1,"minecraft:bone_block":1,"mekanism:basic_fluid_tank":19,"mekanism:basic_mechanical_pipe":20,"mekanism:elite_pressurized_tube":12,"mekanismtools:osmium_sword":298,"mekanism:basic_universal_cable":41,"minecraft:tuff":21,"mekanismtools:refined_obsidian_shield":13,"mekanism:chemical_injection_chamber":1,"refinedstorage:controller":2,"minecraft:obsidian":10,"minecraft:glass":58,"mekanism:boiler_valve":2,"minecraft:stone_bricks":20,"refinedstorage:disk_drive":2,"minecraft:stone_pickaxe":54,"minecraft:ender_pearl":29,"minecraft:sandstone":8,"minecraft:blue_bed":1,"minecraft:diamond_axe":308,"minecraft:end_stone":24,"mekanism:superheating_element":9,"minecraft:sticky_piston":1,"minecraft:lever":2,"mekanism:crusher":2,"easy_villagers:villager":74,"minecraft:firework_rocket":166,"minecraft:bread":281,"minecraft:string":2,"mekanism:metallurgic_infuser":5,"mekanism:basic_pressurized_tube":22,"minecraft:gravel":3,"mekanismgenerators:advanced_solar_generator":5,"minecraft:andesite":24,"mekanism:pigment_extractor":2,"minecraft:experience_bottle":1,"minecraft:oak_fence":22,"mekanism:enrichment_chamber":2,"minecraft:flint_and_steel":1,"mekanism:configurator":53,"minecraft:spruce_planks":1,"minecraft:oak_door":1,"minecraft:dirt":32,"minecraft:white_carpet":7,"minecraft:hopper":22,"minecraft:shulker_box":1,"minecraft:granite":5,"minecraft:wooden_axe":4,"minecraft:bookshelf":1,"minecraft:oak_stairs":1,"minecraft:golden_carrot":28,"mekanism:pressurized_reaction_chamber":3,"mekanism:electrolytic_separator":2,"minecraft:cooked_beef":17,"minecraft:enchanted_golden_apple":2,"mekanism:electric_pump":8,"mekanism:basic_chemical_tank":3,"mekanism:boiler_casing":62,"mekanism:energized_smelter":1,"mekanism:elite_thermodynamic_conductor":5,"minecraft:bucket":139,"minecraft:yellow_bed":4},"minecraft:killed_by":{"minecraft:zombie":5,"minecraft:creeper":1,"minecraft:enderman":1},"minecraft:killed":{"minecraft:shulker":3,"minecraft:skeleton":19,"minecraft:guardian":5,"minecraft:iron_golem":1,"minecraft:ender_dragon":1,"minecraft:zombie":48,"minecraft:cow":29,"minecraft:endermite":1,"mekanismadditions:baby_skeleton":5,"minecraft:husk":4,"minecraft:enderman":24,"minecraft:witch":1,"minecraft:spider":7,"minecraft:silverfish":11,"minecraft:piglin_brute":1,"minecraft:piglin":3,"minecraft:pig":8,"mekanismadditions:baby_enderman":6,"minecraft:zombie_villager":3,"minecraft:creeper":1,"minecraft:sheep":5,"minecraft:blaze":28,"mekanismadditions:baby_stray":1,"minecraft:slime":48,"minecraft:drowned":6,"minecraft:bat":3},"minecraft:broken":{"mekanismtools:osmium_helmet":1,"mekanismtools:osmium_pickaxe":1,"minecraft:diamond_leggings":1,"minecraft:golden_shovel":1},"minecraft:crafted":{"mekanism:ingot_osmium":465,"mekanismgenerators:solar_generator":14,"refinedstorage:4k_storage_disk":2,"mekanismtools:refined_obsidian_pickaxe":1,"mekanismtools:osmium_shield":1,"mekanism:configurator":1,"minecraft:blaze_powder":16,"mekanism:electrolytic_separator":1,"minecraft:birch_slab":78,"minecraft:slime_block":10,"minecraft:lever":1,"minecraft:diamond_shovel":2,"mekanismgenerators:heat_generator":1,"minecraft:bookshelf":11,"minecraft:shulker_box":1,"minecraft:iron_bars":64,"minecraft:glass":447,"minecraft:diamond_helmet":3,"minecraft:diamond_leggings":3,"mekanism:pressure_disperser":9,"refinedstorage:crafting_grid":1,"refinedstorage:grid":1,"mekanismtools:osmium_boots":1,"refinedstorage:processor_binding":112,"easy_villagers:trader":23,"mekanism:elite_mechanical_pipe":16,"mekanism:energy_tablet":18,"mekanismtools:refined_obsidian_axe":1,"refinedstorage:raw_advanced_processor":5,"mekanism:ingot_tin":5,"minecraft:emerald":2212,"minecraft:cooked_porkchop":8,"minecraft:diamond_axe":1,"mekanism:chemical_injection_chamber":1,"minecraft:smithing_table":1,"minecraft:copper_ingot":21,"minecraft:sticky_piston":1,"minecraft:fletching_table":1,"mekanism:advanced_thermodynamic_conductor":32,"mekanism:advanced_pressurized_tube":48,"minecraft:lectern":7,"minecraft:stone_slab":6,"minecraft:iron_pickaxe":1,"minecraft:iron_block":3,"minecraft:gold_ingot":281,"mekanism:osmium_compressor":1,"refinedstorage:machine_casing":4,"mekanism:basic_logistical_transporter":24,"mekanism:advanced_universal_cable":16,"minecraft:golden_carrot":42,"mekanism:boiler_valve":2,"minecraft:experience_bottle":1,"mekanism:basic_chemical_tank":5,"minecraft:polished_blackstone_pressure_plate":3,"easy_villagers:iron_farm":16,"minecraft:white_carpet":3,"mekanism:basic_pressurized_tube":56,"mekanism:chargepad":1,"mekanismgenerators:bio_generator":2,"minecraft:ender_pearl":38,"minecraft:stone_pickaxe":1,"mekanism:electric_pump":4,"minecraft:diamond_boots":3,"mekanismtools:refined_obsidian_chestplate":1,"mekanism:basic_bin":1,"minecraft:chainmail_leggings":12,"minecraft:wheat":441,"minecraft:crossbow":20,"mekanismtools:refined_obsidian_paxel":1,"mekanism:dynamic_tank":4,"mekanismtools:refined_obsidian_shovel":1,"refinedstorage:raw_improved_processor":7,"minecraft:glowstone":9,"minecraft:enchanted_book":21,"packedup:obsidianbackpack":1,"refinedstorage:raw_basic_processor":30,"minecraft:wooden_axe":1,"mekanism:advanced_mechanical_pipe":40,"mekanism:basic_mechanical_pipe":64,"packedup:goldbackpack":1,"mekanismgenerators:reactor_glass":76,"minecraft:grindstone":1,"mekanismtools:refined_obsidian_sword":1,"minecraft:oak_planks":944,"minecraft:barrel":11,"mekanism:block_steel":1,"minecraft:cherry_slab":6,"mekanism:electrolytic_core":2,"mekanismgenerators:gas_burning_generator":1,"mekanism:atomic_disassembler":1,"refinedstorage:controller":1,"minecraft:stone":24,"packedup:ironbackpack":1,"minecraft:cake":6,"minecraft:hopper":32,"minecraft:bow":15,"minecraft:iron_boots":10,"refinedstorage:4k_storage_part":6,"minecraft:chest":66,"packedup:basicbackpack":1,"mekanism:basic_fluid_tank":2,"refinedstorage:disk_drive":1,"mekanism:ingot_steel":38,"mekanismtools:refined_obsidian_helmet":1,"mekanism:elite_control_circuit":3,"minecraft:ender_eye":16,"minecraft:oak_fence":36,"mekanismtools:osmium_pickaxe":2,"mekanism:advanced_logistical_transporter":8,"minecraft:oak_slab":30,"minecraft:arrow":160,"minecraft:crafting_table":1,"packedup:diamondbackpack":1,"minecraft:spruce_planks":24,"minecraft:wooden_pickaxe":1,"mekanism:purification_chamber":1,"minecraft:birch_planks":180,"minecraft:brewing_stand":1,"minecraft:apple":36,"mekanism:steel_casing":24,"minecraft:string":44120,"minecraft:book":15,"minecraft:iron_chestplate":1,"minecraft:paper":165,"minecraft:diamond_pickaxe":2,"minecraft:shield":2,"minecraft:stick":72,"mekanism:crusher":2,"minecraft:iron_ingot":308,"mekanismtools:refined_obsidian_leggings":1,"mekanism:boiler_casing":76,"mekanism:resistive_heater":1,"mekanismtools:refined_obsidian_boots":1,"mekanism:basic_crushing_factory":1,"mekanism:elite_pressurized_tube":48,"minecraft:cherry_planks":468,"minecraft:cookie":162,"minecraft:redstone":1076,"mekanism:basic_universal_cable":48,"refinedstorage:16k_storage_disk":1,"refinedstorage:16k_storage_part":1,"mekanism:pressurized_reaction_chamber":1,"minecraft:furnace":12,"mekanism:energized_smelter":1,"minecraft:piston":1,"refinedstorage:quartz_enriched_iron":148,"mekanism:jetpack_armored":1,"mekanism:jetpack":1,"minecraft:glass_pane":384,"minecraft:flint_and_steel":1,"refinedstorage:crafter":1,"refinedstorage:destruction_core":2,"mekanism:elite_thermodynamic_conductor":32,"mekanism:pigment_extractor":1,"minecraft:iron_axe":10,"minecraft:slime_ball":9,"mekanismgenerators:advanced_solar_generator":3,"mekanismtools:osmium_helmet":1,"minecraft:observer":1,"refinedstorage:1k_storage_part":31,"refinedstorage:1k_storage_disk":4,"minecraft:cooked_beef":20,"mekanismtools:osmium_sword":1,"minecraft:diamond_sword":1,"mekanism:metallurgic_infuser":1,"mekanism:superheating_element":9,"minecraft:bucket":28,"minecraft:stone_axe":12,"minecraft:air":0,"minecraft:bread":864,"mekanism:basic_thermodynamic_conductor":32,"mekanism:upgrade_speed":56,"mekanism:enrichment_chamber":3,"mekanism:upgrade_energy":64,"mekanismtools:refined_obsidian_shield":1,"easy_villagers:breeder":1,"refinedstorage:construction_core":2,"mekanism:advanced_control_circuit":9,"minecraft:anvil":1,"minecraft:lapis_lazuli":12,"minecraft:diamond_chestplate":2,"minecraft:firework_rocket":360,"mekanismgenerators:solar_panel":53},"minecraft:picked_up":{"minecraft:wooden_axe":1,"minecraft:iron_chestplate":1,"mekanism:dust_osmium":3,"minecraft:prismarine_shard":2,"mekanism:raw_uranium":4,"minecraft:smithing_table":1,"minecraft:stone_slab":5,"minecraft:diamond_sword":1,"minecraft:oak_stairs":50,"minecraft:golden_shovel":1,"refinedstorage:controller":1,"minecraft:brewing_stand":4,"minecraft:golden_sword":1,"minecraft:amethyst_block":3,"refinedstorage:grid":1,"minecraft:string":86,"mekanismgenerators:heat_generator":4,"minecraft:diamond_leggings":1,"minecraft:cobbled_deepslate":1653,"mekanism:basic_universal_cable":19,"minecraft:netherite_upgrade_smithing_template":3,"mekanism:basic_logistical_transporter":1,"minecraft:golden_helmet":1,"minecraft:composter":1,"easy_villagers:iron_farm":13,"minecraft:cherry_log":117,"refinedstorage:disk_drive":1,"minecraft:golden_chestplate":1,"mekanism:raw_tin":29,"easy_villagers:villager":10,"minecraft:iron_block":2,"refinedstorage:1k_storage_disk":1,"minecraft:glowstone":16,"minecraft:end_rod":2,"minecraft:white_terracotta":1,"mekanism:basic_fluid_tank":18,"minecraft:blaze_rod":32,"minecraft:birch_log":45,"minecraft:magma_block":3,"minecraft:cooked_beef":26,"minecraft:iron_door":2,"minecraft:flint":15,"minecraft:diamond_helmet":1,"minecraft:glowstone_dust":3,"mekanism:metallurgic_infuser":4,"mekanism:pigment_extractor":1,"minecraft:barrel":2,"mekanism:basic_mechanical_pipe":33,"minecraft:lever":1,"minecraft:granite":427,"minecraft:bread":17,"minecraft:cherry_slab":2,"minecraft:bricks":2,"minecraft:diamond_pickaxe":1,"minecraft:crafting_table":8,"mekanism:alloy_infused":1,"gravestone:obituary":3,"minecraft:purpur_block":1,"minecraft:elytra":2,"minecraft:flint_and_steel":2,"minecraft:netherite_scrap":1,"minecraft:white_carpet":17359,"mekanism:pressurized_reaction_chamber":2,"minecraft:glass_pane":109,"minecraft:cracked_stone_bricks":8,"minecraft:beef":37,"minecraft:poppy":3,"minecraft:iron_nugget":23,"minecraft:chest":13,"minecraft:egg":9,"minecraft:sandstone":23,"minecraft:stone":5,"minecraft:oak_door":2,"minecraft:cake":6,"minecraft:redstone":92,"minecraft:prismarine_crystals":1,"mekanism:crusher":1,"mekanism:elite_pressurized_tube":4,"minecraft:diamond_chestplate":3,"minecraft:cooked_cod":1,"minecraft:diamond_boots":1,"minecraft:hay_block":83,"minecraft:gold_ingot":128,"minecraft:totem_of_undying":1,"minecraft:mutton":14,"minecraft:bone_block":1,"minecraft:white_wool":7,"minecraft:rail":1,"mekanism:electric_pump":4,"mekanism:raw_lead":167,"minecraft:red_mushroom":2,"minecraft:purpur_stairs":2,"minecraft:oak_log":235,"minecraft:lily_pad":4,"mekanismgenerators:bio_generator":1,"minecraft:blue_bed":2,"minecraft:paper":51,"minecraft:apple":38,"minecraft:stone_bricks":26,"mekanism:dust_refined_obsidian":1,"minecraft:stone_pickaxe":1,"minecraft:glass_bottle":2,"minecraft:smooth_basalt":8,"minecraft:gravel":195,"minecraft:spruce_log":8,"minecraft:crying_obsidian":5,"minecraft:diamond_shovel":1,"minecraft:firework_rocket":4,"minecraft:slime_ball":48,"mekanismtools:osmium_boots":1,"mekanism:advanced_universal_cable":1,"mekanismgenerators:reactor_glass":2,"minecraft:hopper":14,"minecraft:ender_pearl":21,"minecraft:shulker_shell":4,"mekanism:electrolytic_separator":1,"minecraft:stone_brick_stairs":1,"minecraft:raw_copper":195,"minecraft:red_sand":37,"minecraft:smooth_stone":9,"minecraft:bucket":13,"minecraft:calcite":16,"minecraft:iron_pickaxe":1,"minecraft:furnace":12,"minecraft:iron_boots":1,"minecraft:stick":9,"minecraft:brown_terracotta":18,"minecraft:oak_fence":15,"minecraft:torch":12,"minecraft:porkchop":20,"minecraft:diorite":246,"mekanismgenerators:solar_generator":8,"minecraft:rotten_flesh":97,"mekanism:ingot_osmium":249,"minecraft:obsidian":28,"mekanism:elite_thermodynamic_conductor":1,"minecraft:cobblestone":2736,"mekanismgenerators:advanced_solar_generator":2,"minecraft:pink_petals":24,"minecraft:cherry_planks":11,"minecraft:magma_cream":6,"minecraft:andesite":300,"minecraft:tuff":450,"minecraft:lapis_lazuli":12,"minecraft:dirt":279,"mekanism:dust_obsidian":28,"minecraft:glass":183,"minecraft:bone":29,"minecraft:bow":1,"minecraft:wheat_seeds":4,"easy_villagers:trader":21,"minecraft:raw_gold":30,"minecraft:mossy_stone_bricks":11,"minecraft:oak_planks":41,"minecraft:cooked_porkchop":2,"minecraft:sand":1002,"mekanism:enriched_iron":2,"minecraft:shulker_box":1,"minecraft:mossy_cobblestone":23,"mekanism:basic_control_circuit":7,"minecraft:diamond":314,"minecraft:slime_block":1,"minecraft:cracked_polished_blackstone_bricks":20,"minecraft:crossbow":4,"minecraft:emerald":6,"minecraft:oak_sapling":11,"minecraft:netherrack":1447,"minecraft:chicken":1,"minecraft:brown_mushroom":2,"minecraft:gold_block":29,"mekanism:ingot_uranium":3,"minecraft:blackstone":4,"mekanism:dust_gold":24,"minecraft:sugar_cane":240,"minecraft:end_stone":26,"minecraft:raw_iron":293,"mekanism:basic_pressurized_tube":22,"minecraft:copper_ingot":33,"mekanism:basic_crushing_factory":1,"minecraft:polished_blackstone_bricks":16,"minecraft:cookie":162,"minecraft:arrow":30,"minecraft:golden_hoe":1,"mekanism:ingot_lead":10,"mekanism:elite_mechanical_pipe":2,"minecraft:basalt":12,"minecraft:leather":25,"minecraft:birch_planks":2,"minecraft:gunpowder":6,"minecraft:yellow_bed":7,"minecraft:cobblestone_wall":1,"minecraft:cobblestone_stairs":6,"minecraft:orange_terracotta":313,"mekanism:enriched_refined_obsidian":3,"minecraft:cooked_mutton":1,"mekanism:enrichment_chamber":1,"refinedstorage:crafter":1,"minecraft:coast_armor_trim_smithing_template":2,"minecraft:iron_ingot":6,"minecraft:stripped_oak_wood":1,"minecraft:soul_sand":4,"minecraft:book":221,"mekanism:ingot_steel":9,"minecraft:oak_slab":1,"minecraft:quartz":218,"minecraft:dandelion":1,"mekanism:basic_chemical_tank":3,"minecraft:lava_bucket":2,"mekanism:ingot_tin":5,"minecraft:blast_furnace":1,"mekanism:raw_osmium":520,"minecraft:chainmail_leggings":10,"mekanism:fluorite_gem":65,"minecraft:cherry_sapling":1,"minecraft:terracotta":42,"minecraft:coal":1084},"minecraft:dropped":{"minecraft:glass_bottle":2,"minecraft:crossbow":21,"minecraft:cracked_stone_bricks":6,"minecraft:purpur_stairs":2,"minecraft:emerald":1,"minecraft:dirt":40,"minecraft:bone":2,"minecraft:stone_axe":12,"minecraft:sugar_cane":1,"minecraft:iron_nugget":6,"minecraft:cobbled_deepslate":2,"minecraft:rotten_flesh":39,"minecraft:golden_shovel":1,"mekanism:raw_tin":4,"minecraft:wheat_seeds":4,"minecraft:oak_fence":4,"minecraft:cobblestone":1,"minecraft:granite":13,"minecraft:golden_hoe":1,"minecraft:chainmail_leggings":22,"minecraft:string":75,"minecraft:white_carpet":313,"minecraft:iron_boots":11,"minecraft:hay_block":34,"minecraft:stone_bricks":2,"minecraft:bow":14,"easy_villagers:trader":12,"minecraft:flint":1,"gravestone:obituary":2,"minecraft:gravel":12,"minecraft:purpur_block":1,"minecraft:arrow":78,"minecraft:oak_slab":1,"minecraft:diorite":8,"minecraft:iron_axe":10,"minecraft:redstone":23,"minecraft:raw_copper":9,"minecraft:tuff":3,"minecraft:raw_iron":1,"minecraft:totem_of_undying":1,"minecraft:mossy_stone_bricks":7,"minecraft:golden_leggings":1,"minecraft:wooden_pickaxe":1},"minecraft:custom":{"minecraft:interact_with_crafting_table":263,"minecraft:open_barrel":1,"minecraft:leave_game":22,"minecraft:time_since_death":447160,"minecraft:damage_blocked_by_shield":2610,"minecraft:play_time":1452540,"minecraft:deaths":13,"minecraft:jump":15825,"minecraft:interact_with_furnace":173,"minecraft:traded_with_villager":3088,"minecraft:sleep_in_bed":83,"minecraft:damage_dealt":47425,"minecraft:interact_with_smithing_table":1,"minecraft:interact_with_anvil":19,"minecraft:inspect_hopper":6,"minecraft:sneak_time":10803,"minecraft:total_world_time":1452971,"minecraft:time_since_rest":14332,"minecraft:swim_one_cm":20769,"minecraft:fly_one_cm":8739511,"minecraft:open_chest":947,"minecraft:fall_one_cm":320396,"minecraft:animals_bred":1,"minecraft:open_shulker_box":14,"minecraft:sprint_one_cm":3047276,"minecraft:drop":200,"minecraft:talked_to_villager":63,"minecraft:interact_with_brewingstand":2,"minecraft:walk_on_water_one_cm":29297,"minecraft:crouch_one_cm":10406,"minecraft:mob_kills":290,"minecraft:climb_one_cm":2458,"minecraft:walk_one_cm":1394952,"minecraft:walk_under_water_one_cm":8706,"minecraft:damage_taken":16778,"minecraft:damage_absorbed":200,"minecraft:aviate_one_cm":3413759}},"DataVersion":3465}